dt      ,x        ,y        ,position ,velocity ,acceleration,jerk      ,heading
0.020000,5.500000 ,17.000000,0.000057 ,0.005714 ,0.285714    ,14.285714 ,6.281724
0.020000,5.500000 ,17.000000,0.000286 ,0.017143 ,0.571429    ,14.285714 ,6.281746
0.020000,5.500000 ,17.000000,0.000800 ,0.034286 ,0.857143    ,14.285714 ,6.281797
0.020000,5.500000 ,17.000000,0.001714 ,0.057143 ,1.142857    ,14.285714 ,6.281886
0.020000,5.500000 ,17.000000,0.003143 ,0.085714 ,1.428571    ,14.285714 ,6.282025
0.020000,5.500000 ,17.000000,0.005200 ,0.120000 ,1.714286    ,14.285714 ,6.282225
0.020000,5.500000 ,17.000000,0.008000 ,0.160000 ,2.000000    ,14.285714 ,6.282498
0.020000,5.500000 ,17.000000,0.011600 ,0.200000 ,2.000000    ,0.000000  ,6.282848
0.020000,5.500939 ,17.000000,0.016000 ,0.240000 ,2.000000    ,-0.000000 ,0.000091
0.020000,5.506140 ,17.000002,0.021200 ,0.280000 ,2.000000    ,0.000000  ,0.000598
0.020000,5.512139 ,17.000007,0.027200 ,0.320000 ,2.000000    ,-0.000000 ,0.001182
0.020000,5.518939 ,17.000017,0.034000 ,0.360000 ,2.000000    ,0.000000  ,0.001843
0.020000,5.526539 ,17.000034,0.041600 ,0.400000 ,2.000000    ,0.000000  ,0.002583
0.020000,5.534939 ,17.000059,0.050000 ,0.440000 ,2.000000    ,-0.000000 ,0.003400
0.020000,5.544139 ,17.000095,0.059200 ,0.480000 ,2.000000    ,0.000000  ,0.004295
0.020000,5.554139 ,17.000143,0.069200 ,0.520000 ,2.000000    ,0.000000  ,0.005267
0.020000,5.564939 ,17.000205,0.080000 ,0.560000 ,2.000000    ,0.000000  ,0.006317
0.020000,5.576538 ,17.000285,0.091600 ,0.600000 ,2.000000    ,-0.000000 ,0.007445
0.020000,5.588938 ,17.000385,0.104000 ,0.640000 ,2.000000    ,0.000000  ,0.008650
0.020000,5.602138 ,17.000507,0.117200 ,0.680000 ,2.000000    ,-0.000000 ,0.009932
0.020000,5.616137 ,17.000656,0.131200 ,0.720000 ,2.000000    ,0.000000  ,0.011291
0.020000,5.630936 ,17.000834,0.146000 ,0.760000 ,2.000000    ,0.000000  ,0.012728
0.020000,5.646534 ,17.001044,0.161600 ,0.800000 ,2.000000    ,0.000000  ,0.014241
0.020000,5.662932 ,17.001291,0.178000 ,0.840000 ,2.000000    ,-0.000000 ,0.015832
0.020000,5.680129 ,17.001577,0.195200 ,0.880000 ,2.000000    ,0.000000  ,0.017499
0.020000,5.698127 ,17.001908,0.213200 ,0.920000 ,2.000000    ,0.000000  ,0.019243
0.020000,5.716923 ,17.002287,0.232000 ,0.960000 ,2.000000    ,0.000000  ,0.021064
0.020000,5.736518 ,17.002718,0.251600 ,1.000000 ,2.000000    ,-0.000000 ,0.022960
0.020000,5.756912 ,17.003207,0.272000 ,1.040000 ,2.000000    ,0.000000  ,0.024933
0.020000,5.778106 ,17.003757,0.293200 ,1.080000 ,2.000000    ,-0.000000 ,0.026982
0.020000,5.800096 ,17.004374,0.315200 ,1.120000 ,2.000000    ,0.000000  ,0.029107
0.020000,5.822887 ,17.005062,0.338000 ,1.160000 ,2.000000    ,0.000000  ,0.031307
0.020000,5.846474 ,17.005828,0.361600 ,1.200000 ,2.000000    ,-0.000000 ,0.033582
0.020000,5.870859 ,17.006676,0.386000 ,1.240000 ,2.000000    ,0.000000  ,0.035932
0.020000,5.896042 ,17.007612,0.411200 ,1.280000 ,2.000000    ,0.000000  ,0.038357
0.020000,5.922021 ,17.008641,0.437200 ,1.320000 ,2.000000    ,0.000000  ,0.040856
0.020000,5.948797 ,17.009770,0.464000 ,1.360000 ,2.000000    ,-0.000000 ,0.043430
0.020000,5.976370 ,17.011005,0.491600 ,1.400000 ,2.000000    ,0.000000  ,0.046077
0.020000,6.004738 ,17.012352,0.520000 ,1.440000 ,2.000000    ,0.000000  ,0.048797
0.020000,6.033901 ,17.013817,0.549200 ,1.480000 ,2.000000    ,0.000000  ,0.051590
0.020000,6.063859 ,17.015407,0.579200 ,1.520000 ,2.000000    ,0.000000  ,0.054456
0.020000,6.094611 ,17.017128,0.610000 ,1.560000 ,2.000000    ,0.000000  ,0.057394
0.020000,6.126155 ,17.018989,0.641600 ,1.600000 ,2.000000    ,0.000000  ,0.060403
0.020000,6.158494 ,17.020994,0.674000 ,1.640000 ,2.000000    ,-0.000000 ,0.063483
0.020000,6.191624 ,17.023153,0.707200 ,1.680000 ,2.000000    ,0.000000  ,0.066633
0.020000,6.225544 ,17.025471,0.741200 ,1.720000 ,2.000000    ,0.000000  ,0.069854
0.020000,6.260255 ,17.027957,0.776000 ,1.760000 ,2.000000    ,0.000000  ,0.073143
0.020000,6.295756 ,17.030618,0.811600 ,1.800000 ,2.000000    ,0.000000  ,0.076501
0.020000,6.332044 ,17.033462,0.848000 ,1.840000 ,2.000000    ,0.000000  ,0.079927
0.020000,6.369121 ,17.036497,0.885200 ,1.880000 ,2.000000    ,0.000000  ,0.083420
0.020000,6.406982 ,17.039731,0.923200 ,1.920000 ,2.000000    ,0.000000  ,0.086979
0.020000,6.445630 ,17.043172,0.962000 ,1.960000 ,2.000000    ,0.000000  ,0.090603
0.020000,6.485061 ,17.046827,1.001600 ,2.000000 ,2.000000    ,-0.000000 ,0.094292
0.020000,6.525274 ,17.050707,1.042000 ,2.040000 ,2.000000    ,0.000000  ,0.098045
0.020000,6.566268 ,17.054818,1.083200 ,2.080000 ,2.000000    ,-0.000000 ,0.101860
0.020000,6.608042 ,17.059170,1.125200 ,2.120000 ,2.000000    ,0.000000  ,0.105737
0.020000,6.650594 ,17.063771,1.168000 ,2.160000 ,2.000000    ,0.000000  ,0.109675
0.020000,6.693922 ,17.068630,1.211600 ,2.200000 ,2.000000    ,0.000000  ,0.113673
0.020000,6.738025 ,17.073755,1.256000 ,2.240000 ,2.000000    ,0.000000  ,0.117728
0.020000,6.782901 ,17.079157,1.301200 ,2.280000 ,2.000000    ,0.000000  ,0.121841
0.020000,6.828548 ,17.084843,1.347200 ,2.320000 ,2.000000    ,0.000000  ,0.126010
0.020000,6.874965 ,17.090823,1.394000 ,2.360000 ,2.000000    ,-0.000000 ,0.130234
0.020000,6.922149 ,17.097105,1.441600 ,2.400000 ,2.000000    ,0.000000  ,0.134511
0.020000,6.970097 ,17.103700,1.490000 ,2.440000 ,2.000000    ,0.000000  ,0.138840
0.020000,7.018808 ,17.110615,1.539200 ,2.480000 ,2.000000    ,0.000000  ,0.143219
0.020000,7.068281 ,17.117862,1.589200 ,2.520000 ,2.000000    ,0.000000  ,0.147647
0.020000,7.118511 ,17.125447,1.640000 ,2.560000 ,2.000000    ,0.000000  ,0.152123
0.020000,7.169497 ,17.133382,1.691600 ,2.600000 ,2.000000    ,0.000000  ,0.156644
0.020000,7.221237 ,17.141675,1.744000 ,2.640000 ,2.000000    ,0.000000  ,0.161209
0.020000,7.273727 ,17.150335,1.797200 ,2.680000 ,2.000000    ,-0.000000 ,0.165817
0.020000,7.326965 ,17.159372,1.851200 ,2.720000 ,2.000000    ,0.000000  ,0.170465
0.020000,7.380949 ,17.168795,1.906000 ,2.760000 ,2.000000    ,0.000000  ,0.175152
0.020000,7.435675 ,17.178613,1.961600 ,2.800000 ,2.000000    ,0.000000  ,0.179875
0.020000,7.491141 ,17.188836,2.018000 ,2.840000 ,2.000000    ,0.000000  ,0.184634
0.020000,7.547343 ,17.199472,2.075200 ,2.880000 ,2.000000    ,0.000000  ,0.189425
0.020000,7.604279 ,17.210530,2.133200 ,2.920000 ,2.000000    ,0.000000  ,0.194247
0.020000,7.661946 ,17.222020,2.192000 ,2.960000 ,2.000000    ,0.000000  ,0.199097
0.020000,7.720339 ,17.233951,2.251600 ,3.000000 ,2.000000    ,0.000000  ,0.203974
0.020000,7.779457 ,17.246331,2.312000 ,3.040000 ,2.000000    ,0.000000  ,0.208875
0.020000,7.839295 ,17.259169,2.373200 ,3.080000 ,2.000000    ,0.000000  ,0.213798
0.020000,7.899851 ,17.272473,2.435200 ,3.120000 ,2.000000    ,0.000000  ,0.218740
0.020000,7.961120 ,17.286253,2.498000 ,3.160000 ,2.000000    ,0.000000  ,0.223700
0.020000,8.023100 ,17.300517,2.561600 ,3.200000 ,2.000000    ,0.000000  ,0.228675
0.020000,8.085787 ,17.315272,2.626000 ,3.240000 ,2.000000    ,-0.000000 ,0.233661
0.020000,8.149177 ,17.330527,2.691200 ,3.280000 ,2.000000    ,0.000000  ,0.238658
0.020000,8.213267 ,17.346290,2.757200 ,3.320000 ,2.000000    ,0.000000  ,0.243662
0.020000,8.278053 ,17.362569,2.824000 ,3.360000 ,2.000000    ,0.000000  ,0.248670
0.020000,8.343532 ,17.379370,2.891600 ,3.400000 ,2.000000    ,0.000000  ,0.253681
0.020000,8.409699 ,17.396703,2.960000 ,3.440000 ,2.000000    ,0.000000  ,0.258691
0.020000,8.476552 ,17.414573,3.029200 ,3.480000 ,2.000000    ,0.000000  ,0.263697
0.020000,8.544086 ,17.432988,3.099200 ,3.520000 ,2.000000    ,0.000000  ,0.268697
0.020000,8.612298 ,17.451954,3.170000 ,3.560000 ,2.000000    ,0.000000  ,0.273689
0.020000,8.681185 ,17.471478,3.241600 ,3.600000 ,2.000000    ,0.000000  ,0.278668
0.020000,8.750742 ,17.491567,3.314000 ,3.640000 ,2.000000    ,0.000000  ,0.283633
0.020000,8.820966 ,17.512226,3.387200 ,3.680000 ,2.000000    ,0.000000  ,0.288581
0.020000,8.891854 ,17.533461,3.461200 ,3.720000 ,2.000000    ,0.000000  ,0.293508
0.020000,8.963401 ,17.555277,3.536000 ,3.760000 ,2.000000    ,0.000000  ,0.298413
0.020000,9.035606 ,17.577681,3.611600 ,3.800000 ,2.000000    ,0.000000  ,0.303291
0.020000,9.108463 ,17.600675,3.688000 ,3.840000 ,2.000000    ,0.000000  ,0.308139
0.020000,9.181970 ,17.624267,3.765200 ,3.880000 ,2.000000    ,0.000000  ,0.312956
0.020000,9.256123 ,17.648459,3.843200 ,3.920000 ,2.000000    ,0.000000  ,0.317738
0.020000,9.330920 ,17.673255,3.922000 ,3.960000 ,2.000000    ,-0.000000 ,0.322482
0.020000,9.406357 ,17.698660,4.001600 ,4.000000 ,2.000000    ,0.000000  ,0.327185
0.020000,9.482431 ,17.724677,4.082000 ,4.040000 ,2.000000    ,0.000000  ,0.331844
0.020000,9.559140 ,17.751308,4.163200 ,4.080000 ,2.000000    ,-0.000000 ,0.336455
0.020000,9.636480 ,17.778557,4.245200 ,4.120000 ,2.000000    ,0.000000  ,0.341017
0.020000,9.714449 ,17.806426,4.328000 ,4.160000 ,2.000000    ,0.000000  ,0.345526
0.020000,9.793044 ,17.834916,4.411600 ,4.200000 ,2.000000    ,0.000000  ,0.349978
0.020000,9.872264 ,17.864029,4.496000 ,4.240000 ,2.000000    ,0.000000  ,0.354371
0.020000,9.952106 ,17.893768,4.581200 ,4.280000 ,2.000000    ,0.000000  ,0.358703
0.020000,10.032567,17.924131,4.667200 ,4.320000 ,2.000000    ,0.000000  ,0.362969
0.020000,10.113646,17.955121,4.754000 ,4.360000 ,2.000000    ,0.000000  ,0.367167
0.020000,10.195342,17.986736,4.841600 ,4.400000 ,2.000000    ,0.000000  ,0.371293
0.020000,10.277653,18.018977,4.930000 ,4.440000 ,2.000000    ,0.000000  ,0.375345
0.020000,10.360578,18.051843,5.019200 ,4.480000 ,2.000000    ,0.000000  ,0.379320
0.020000,10.444115,18.085332,5.109200 ,4.520000 ,2.000000    ,0.000000  ,0.383215
0.020000,10.528263,18.119444,5.200000 ,4.560000 ,2.000000    ,0.000000  ,0.387027
0.020000,10.613023,18.154176,5.291600 ,4.600000 ,2.000000    ,0.000000  ,0.390752
0.020000,10.698394,18.189526,5.384000 ,4.640000 ,2.000000    ,0.000000  ,0.394387
0.020000,10.784375,18.225490,5.477200 ,4.680000 ,2.000000    ,-0.000000 ,0.397931
0.020000,10.870967,18.262067,5.571200 ,4.720000 ,2.000000    ,0.000000  ,0.401379
0.020000,10.958170,18.299251,5.666000 ,4.760000 ,2.000000    ,0.000000  ,0.404728
0.020000,11.045985,18.337039,5.761600 ,4.800000 ,2.000000    ,0.000000  ,0.407977
0.020000,11.134412,18.375426,5.858000 ,4.840000 ,2.000000    ,0.000000  ,0.411121
0.020000,11.223453,18.414407,5.955200 ,4.880000 ,2.000000    ,0.000000  ,0.414157
0.020000,11.313110,18.453976,6.053200 ,4.920000 ,2.000000    ,0.000000  ,0.417083
0.020000,11.403383,18.494127,6.152000 ,4.960000 ,2.000000    ,0.000000  ,0.419895
0.020000,11.494276,18.534854,6.251600 ,5.000000 ,2.000000    ,0.000000  ,0.422591
0.020000,11.585790,18.576150,6.352000 ,5.040000 ,2.000000    ,0.000000  ,0.425168
0.020000,11.677928,18.618006,6.453200 ,5.080000 ,2.000000    ,0.000000  ,0.427621
0.020000,11.770694,18.660416,6.555200 ,5.120000 ,2.000000    ,0.000000  ,0.429949
0.020000,11.864090,18.703369,6.658000 ,5.160000 ,2.000000    ,0.000000  ,0.432149
0.020000,11.958120,18.746858,6.761600 ,5.200000 ,2.000000    ,0.000000  ,0.434216
0.020000,12.052789,18.790871,6.866000 ,5.240000 ,2.000000    ,0.000000  ,0.436148
0.020000,12.148100,18.835400,6.971200 ,5.280000 ,2.000000    ,0.000000  ,0.437942
0.020000,12.244059,18.880433,7.077200 ,5.320000 ,2.000000    ,0.000000  ,0.439594
0.020000,12.340670,18.925958,7.184000 ,5.360000 ,2.000000    ,-0.000000 ,0.441102
0.020000,12.437939,18.971964,7.291600 ,5.400000 ,2.000000    ,0.000000  ,0.442462
0.020000,12.535871,19.018437,7.400000 ,5.440000 ,2.000000    ,0.000000  ,0.443670
0.020000,12.634473,19.065365,7.509200 ,5.480000 ,2.000000    ,0.000000  ,0.444724
0.020000,12.733752,19.112734,7.619200 ,5.520000 ,2.000000    ,0.000000  ,0.445620
0.020000,12.833713,19.160529,7.730000 ,5.560000 ,2.000000    ,0.000000  ,0.446354
0.020000,12.934365,19.208734,7.841600 ,5.600000 ,2.000000    ,0.000000  ,0.446923
0.020000,13.035715,19.257335,7.954000 ,5.640000 ,2.000000    ,0.000000  ,0.447324
0.020000,13.137771,19.306313,8.067200 ,5.680000 ,2.000000    ,0.000000  ,0.447553
0.020000,13.240541,19.355652,8.181200 ,5.720000 ,2.000000    ,0.000000  ,0.447605
0.020000,13.344034,19.405333,8.296000 ,5.760000 ,2.000000    ,0.000000  ,0.447479
0.020000,13.448259,19.455338,8.411600 ,5.800000 ,2.000000    ,0.000000  ,0.447168
0.020000,13.553225,19.505647,8.528000 ,5.840000 ,2.000000    ,0.000000  ,0.446671
0.020000,13.658944,19.556238,8.645200 ,5.880000 ,2.000000    ,0.000000  ,0.445982
0.020000,13.765423,19.607092,8.763200 ,5.920000 ,2.000000    ,0.000000  ,0.445099
0.020000,13.872675,19.658184,8.882000 ,5.960000 ,2.000000    ,0.000000  ,0.444016
0.020000,13.980710,19.709493,9.001600 ,6.000000 ,2.000000    ,0.000000  ,0.442729
0.020000,14.089540,19.760994,9.122000 ,6.040000 ,2.000000    ,0.000000  ,0.441235
0.020000,14.199175,19.812661,9.243200 ,6.080000 ,2.000000    ,0.000000  ,0.439529
0.020000,14.309628,19.864470,9.365200 ,6.120000 ,2.000000    ,0.000000  ,0.437606
0.020000,14.420911,19.916392,9.488000 ,6.160000 ,2.000000    ,0.000000  ,0.435462
0.020000,14.533037,19.968399,9.611600 ,6.200000 ,2.000000    ,0.000000  ,0.433093
0.020000,14.646018,20.020462,9.736000 ,6.240000 ,2.000000    ,0.000000  ,0.430493
0.020000,14.759868,20.072551,9.861200 ,6.280000 ,2.000000    ,0.000000  ,0.427659
0.020000,14.874600,20.124635,9.987200 ,6.320000 ,2.000000    ,0.000000  ,0.424585
0.020000,14.990226,20.176679,10.114000,6.360000 ,2.000000    ,0.000000  ,0.421266
0.020000,15.106763,20.228651,10.241600,6.400000 ,2.000000    ,0.000000  ,0.417698
0.020000,15.224222,20.280516,10.370000,6.440000 ,2.000000    ,0.000000  ,0.413875
0.020000,15.342618,20.332235,10.499200,6.480000 ,2.000000    ,-0.000000 ,0.409793
0.020000,15.461965,20.383773,10.629200,6.520000 ,2.000000    ,0.000000  ,0.405446
0.020000,15.582279,20.435089,10.760000,6.560000 ,2.000000    ,-0.000000 ,0.400829
0.020000,15.703572,20.486143,10.891600,6.600000 ,2.000000    ,0.000000  ,0.395938
0.020000,15.825859,20.536893,11.024000,6.640000 ,2.000000    ,-0.000000 ,0.390767
0.020000,15.949155,20.587295,11.157200,6.680000 ,2.000000    ,0.000000  ,0.385312
0.020000,16.073473,20.637304,11.291200,6.720000 ,2.000000    ,-0.000000 ,0.379566
0.020000,16.198828,20.686874,11.426000,6.760000 ,2.000000    ,0.000000  ,0.373525
0.020000,16.325233,20.735957,11.561600,6.800000 ,2.000000    ,-0.000000 ,0.367185
0.020000,16.452701,20.784502,11.698000,6.840000 ,2.000000    ,0.000000  ,0.360541
0.020000,16.581246,20.832460,11.835200,6.880000 ,2.000000    ,-0.000000 ,0.353587
0.020000,16.710880,20.879777,11.973200,6.920000 ,2.000000    ,0.000000  ,0.346321
0.020000,16.841616,20.926398,12.112000,6.960000 ,2.000000    ,-0.000000 ,0.338736
0.020000,16.973464,20.972269,12.251600,7.000000 ,2.000000    ,0.000000  ,0.330831
0.020000,17.106436,21.017331,12.392000,7.040000 ,2.000000    ,-0.000000 ,0.322601
0.020000,17.240541,21.061526,12.533200,7.080000 ,2.000000    ,0.000000  ,0.314042
0.020000,17.375788,21.104793,12.675200,7.120000 ,2.000000    ,-0.000000 ,0.305153
0.020000,17.512186,21.147070,12.818000,7.160000 ,2.000000    ,0.000000  ,0.295930
0.020000,17.649740,21.188294,12.961600,7.200000 ,2.000000    ,-0.000000 ,0.286372
0.020000,17.788458,21.228401,13.106000,7.240000 ,2.000000    ,0.000000  ,0.276478
0.020000,17.928343,21.267324,13.251200,7.280000 ,2.000000    ,-0.000000 ,0.266247
0.020000,18.069399,21.304997,13.397200,7.320000 ,2.000000    ,0.000000  ,0.255680
0.020000,18.211625,21.341351,13.544000,7.360000 ,2.000000    ,-0.000000 ,0.244776
0.020000,18.355022,21.376318,13.691600,7.400000 ,2.000000    ,0.000000  ,0.233537
0.020000,18.499589,21.409828,13.840000,7.440000 ,2.000000    ,-0.000000 ,0.221967
0.020000,18.645319,21.441811,13.989200,7.480000 ,2.000000    ,0.000000  ,0.210069
0.020000,18.792209,21.472196,14.139200,7.520000 ,2.000000    ,-0.000000 ,0.197846
0.020000,18.940248,21.500912,14.290000,7.560000 ,2.000000    ,0.000000  ,0.185305
0.020000,19.075245,21.525422,14.441600,7.600000 ,2.000000    ,-0.000000 ,0.174807
0.020000,19.225393,21.551519,14.594000,7.640000 ,2.000000    ,0.000000  ,0.169385
0.020000,19.376470,21.576937,14.747200,7.680000 ,2.000000    ,-0.000000 ,0.163999
0.020000,19.528470,21.601673,14.901200,7.720000 ,2.000000    ,0.000000  ,0.158653
0.020000,19.681390,21.625723,15.056000,7.760000 ,2.000000    ,-0.000000 ,0.153348
0.020000,19.835226,21.649085,15.211600,7.800000 ,2.000000    ,0.000000  ,0.148085
0.020000,19.989974,21.671757,15.368000,7.840000 ,2.000000    ,-0.000000 ,0.142868
0.020000,20.145630,21.693736,15.525200,7.880000 ,2.000000    ,0.000000  ,0.137699
0.020000,20.302189,21.715022,15.683200,7.920000 ,2.000000    ,-0.000000 ,0.132578
0.020000,20.459648,21.735613,15.842000,7.960000 ,2.000000    ,0.000000  ,0.127508
0.020000,20.618003,21.755510,16.001600,8.000000 ,2.000000    ,-0.000000 ,0.122492
0.020000,20.777249,21.774713,16.162000,8.040000 ,2.000000    ,0.000000  ,0.117530
0.020000,20.937383,21.793222,16.323200,8.080000 ,2.000000    ,-0.000000 ,0.112626
0.020000,21.098400,21.811037,16.485200,8.120000 ,2.000000    ,0.000000  ,0.107781
0.020000,21.260297,21.828162,16.648000,8.160000 ,2.000000    ,-0.000000 ,0.102996
0.020000,21.423069,21.844597,16.811600,8.200000 ,2.000000    ,0.000000  ,0.098275
0.020000,21.586713,21.860345,16.976000,8.240000 ,2.000000    ,-0.000000 ,0.093618
0.020000,21.751225,21.875409,17.141200,8.280000 ,2.000000    ,0.000000  ,0.089027
0.020000,21.916600,21.889793,17.307200,8.320000 ,2.000000    ,-0.000000 ,0.084505
0.020000,22.082836,21.903500,17.474000,8.360000 ,2.000000    ,0.000000  ,0.080054
0.020000,22.249928,21.916536,17.641600,8.400000 ,2.000000    ,-0.000000 ,0.075674
0.020000,22.417873,21.928904,17.810000,8.440000 ,2.000000    ,0.000000  ,0.071368
0.020000,22.586667,21.940611,17.979200,8.480000 ,2.000000    ,-0.000000 ,0.067138
0.020000,22.756308,21.951663,18.149200,8.520000 ,2.000000    ,0.000000  ,0.062985
0.020000,22.926790,21.962065,18.320000,8.560000 ,2.000000    ,-0.000000 ,0.058912
0.020000,23.098113,21.971825,18.491600,8.600000 ,2.000000    ,0.000000  ,0.054919
0.020000,23.270271,21.980950,18.664000,8.640000 ,2.000000    ,0.000000  ,0.051009
0.020000,23.443262,21.989449,18.837200,8.680000 ,2.000000    ,-0.000000 ,0.047183
0.020000,23.617083,21.997329,19.011200,8.720000 ,2.000000    ,0.000000  ,0.043443
0.020000,23.791732,22.004600,19.186000,8.760000 ,2.000000    ,-0.000000 ,0.039791
0.020000,23.967205,22.011271,19.361600,8.800000 ,2.000000    ,0.000000  ,0.036228
0.020000,24.143500,22.017353,19.538000,8.840000 ,2.000000    ,-0.000000 ,0.032755
0.020000,24.320615,22.022855,19.715200,8.880000 ,2.000000    ,0.000000  ,0.029375
0.020000,24.498546,22.027789,19.893200,8.920000 ,2.000000    ,-0.000000 ,0.026089
0.020000,24.677292,22.032166,20.072000,8.960000 ,2.000000    ,0.000000  ,0.022899
0.020000,24.856851,22.035999,20.251600,9.000000 ,2.000000    ,-0.000000 ,0.019806
0.020000,25.037221,22.039300,20.432000,9.040000 ,2.000000    ,0.000000  ,0.016811
0.020000,25.218400,22.042082,20.613200,9.080000 ,2.000000    ,-0.000000 ,0.013917
0.020000,25.400385,22.044359,20.795200,9.120000 ,2.000000    ,0.000000  ,0.011125
0.020000,25.583177,22.046145,20.978000,9.160000 ,2.000000    ,-0.000000 ,0.008436
0.020000,25.766772,22.047455,21.161600,9.200000 ,2.000000    ,0.000000  ,0.005851
0.020000,25.951170,22.048304,21.346000,9.240000 ,2.000000    ,-0.000000 ,0.003373
0.020000,26.136369,22.048707,21.531200,9.280000 ,2.000000    ,0.000000  ,0.001003
0.020000,26.322369,22.048682,21.717200,9.320000 ,2.000000    ,-0.000000 ,6.281928
0.020000,26.509169,22.048244,21.904000,9.360000 ,2.000000    ,0.000000  ,6.279778
0.020000,26.696767,22.047412,22.091600,9.400000 ,2.000000    ,0.000000  ,6.277740
0.020000,26.885163,22.046203,22.280000,9.440000 ,2.000000    ,-0.000000 ,6.275816
0.020000,27.074357,22.044636,22.469200,9.480000 ,2.000000    ,0.000000  ,6.274008
0.020000,27.264347,22.042729,22.659200,9.520000 ,2.000000    ,-0.000000 ,6.272316
0.020000,27.455134,22.040504,22.850000,9.560000 ,2.000000    ,0.000000  ,6.270743
0.020000,27.646717,22.037978,23.041600,9.600000 ,2.000000    ,-0.000000 ,6.269290
0.020000,27.839097,22.035175,23.234000,9.640000 ,2.000000    ,0.000000  ,6.267958
0.020000,28.032273,22.032114,23.427200,9.680000 ,2.000000    ,-0.000000 ,6.266749
0.020000,28.226245,22.028818,23.621200,9.720000 ,2.000000    ,0.000000  ,6.265664
0.020000,28.421013,22.025310,23.816000,9.760000 ,2.000000    ,-0.000000 ,6.264705
0.020000,28.616578,22.021612,24.011600,9.800000 ,2.000000    ,0.000000  ,6.263874
0.020000,28.812940,22.017748,24.208000,9.840000 ,2.000000    ,-0.000000 ,6.263172
0.020000,29.010099,22.013743,24.405200,9.880000 ,2.000000    ,0.000000  ,6.262601
0.020000,29.207999,22.009623,24.603143,9.914286 ,1.714286    ,-14.285714,6.262162
0.020000,29.406526,22.005417,24.801714,9.942857 ,1.428571    ,-14.285714,6.261857
0.020000,29.605566,22.001151,25.000800,9.965714 ,1.142857    ,-14.285714,6.261687
0.020000,29.805006,21.996858,25.200286,9.982857 ,0.857143    ,-14.285714,6.261653
0.020000,30.004731,21.992564,25.400057,9.994286 ,0.571429    ,-14.285714,6.261757
0.020000,30.204628,21.988302,25.600000,10.000000,0.285714    ,-14.285714,6.261998
0.020000,30.404584,21.984101,25.800000,10.000000,0.000000    ,-14.285714,6.262377
0.020000,30.604542,21.979989,26.000000,10.000000,0.000000    ,0.000000  ,6.262893
0.020000,30.804502,21.975993,26.200000,10.000000,0.000000    ,0.000000  ,6.263547
0.020000,31.004465,21.972143,26.400000,10.000000,0.000000    ,0.000000  ,6.264339
0.020000,31.204431,21.968464,26.600000,10.000000,0.000000    ,0.000000  ,6.265268
0.020000,31.404401,21.964986,26.800000,10.000000,0.000000    ,0.000000  ,6.266335
0.020000,31.604375,21.961734,27.000000,10.000000,0.000000    ,0.000000  ,6.267540
0.020000,31.804352,21.958737,27.200000,10.000000,0.000000    ,0.000000  ,6.268883
0.020000,32.004334,21.956022,27.400000,10.000000,0.000000    ,0.000000  ,6.270363
0.020000,32.204319,21.953617,27.600000,10.000000,0.000000    ,0.000000  ,6.271982
0.020000,32.404308,21.951550,27.800000,10.000000,0.000000    ,0.000000  ,6.273739
0.020000,32.604301,21.949848,28.000000,10.000000,0.000000    ,0.000000  ,6.275634
0.020000,32.804297,21.948539,28.200000,10.000000,0.000000    ,0.000000  ,6.277668
0.020000,33.004295,21.947650,28.400000,10.000000,0.000000    ,0.000000  ,6.279839
0.020000,33.204294,21.947210,28.600000,10.000000,0.000000    ,0.000000  ,6.282150
0.020000,33.387000,21.946795,28.800000,10.000000,0.000000    ,0.000000  ,6.275507
0.020000,33.586973,21.943624,29.000000,10.000000,0.000000    ,0.000000  ,6.259013
0.020000,33.786863,21.937069,29.200000,10.000000,0.000000    ,0.000000  ,6.241638
0.020000,33.986602,21.926948,29.400000,10.000000,0.000000    ,0.000000  ,6.223321
0.020000,34.186118,21.913072,29.600000,10.000000,0.000000    ,0.000000  ,6.203998
0.020000,34.385317,21.895238,29.800000,10.000000,0.000000    ,0.000000  ,6.183603
0.020000,34.584099,21.873232,30.000000,10.000000,0.000000    ,0.000000  ,6.162065
0.020000,34.782344,21.846832,30.200000,10.000000,0.000000    ,0.000000  ,6.139312
0.020000,34.979918,21.815801,30.400000,10.000000,0.000000    ,0.000000  ,6.115270
0.020000,35.176663,21.779898,30.600000,10.000000,0.000000    ,0.000000  ,6.089866
0.020000,35.372401,21.738870,30.800000,10.000000,0.000000    ,0.000000  ,6.063029
0.020000,35.566936,21.692459,31.000000,10.000000,0.000000    ,0.000000  ,6.034693
0.020000,35.760036,21.640405,31.200000,10.000000,0.000000    ,0.000000  ,6.004797
0.020000,35.951445,21.582451,31.400000,10.000000,0.000000    ,0.000000  ,5.973293
0.020000,36.140882,21.518340,31.600000,10.000000,0.000000    ,0.000000  ,5.940148
0.020000,36.328030,21.447833,31.800000,10.000000,0.000000    ,0.000000  ,5.905350
0.020000,36.512549,21.370706,32.000000,10.000000,0.000000    ,0.000000  ,5.868909
0.020000,36.694065,21.286762,32.200000,10.000000,0.000000    ,0.000000  ,5.830871
0.020000,36.872189,21.195839,32.400000,10.000000,0.000000    ,0.000000  ,5.791313
0.020000,37.046506,21.097820,32.600000,10.000000,0.000000    ,0.000000  ,5.750353
0.020000,37.216596,20.992637,32.800000,10.000000,0.000000    ,0.000000  ,5.708153
0.020000,37.382036,20.880284,33.000000,10.000000,0.000000    ,0.000000  ,5.664914
0.020000,37.542414,20.760817,33.200000,10.000000,0.000000    ,0.000000  ,5.620877
0.020000,37.697340,20.634361,33.400000,10.000000,0.000000    ,0.000000  ,5.576313
0.020000,37.846461,20.501108,33.600000,10.000000,0.000000    ,0.000000  ,5.531520
0.020000,37.989467,20.361314,33.800000,10.000000,0.000000    ,0.000000  ,5.486806
0.020000,38.126106,20.215290,34.000000,10.000000,0.000000    ,0.000000  ,5.442477
0.020000,38.256189,20.063395,34.200000,10.000000,0.000000    ,0.000000  ,5.398828
0.020000,38.379591,19.906023,34.400000,10.000000,0.000000    ,0.000000  ,5.356129
0.020000,38.496257,19.743594,34.600000,10.000000,0.000000    ,0.000000  ,5.314614
0.020000,38.606195,19.576537,34.800000,10.000000,0.000000    ,0.000000  ,5.274480
0.020000,38.709471,19.405280,35.000000,10.000000,0.000000    ,0.000000  ,5.235883
0.020000,38.806206,19.230243,35.200000,10.000000,0.000000    ,0.000000  ,5.198934
0.020000,38.896562,19.051829,35.400000,10.000000,0.000000    ,0.000000  ,5.163706
0.020000,38.980738,18.870416,35.600000,10.000000,0.000000    ,0.000000  ,5.130238
0.020000,39.058959,18.686356,35.800000,10.000000,0.000000    ,0.000000  ,5.098537
0.020000,39.131471,18.499972,36.000000,10.000000,0.000000    ,0.000000  ,5.068585
0.020000,39.198531,18.311556,36.200000,10.000000,0.000000    ,0.000000  ,5.040344
0.020000,39.260403,18.121374,36.400000,10.000000,0.000000    ,0.000000  ,5.013764
0.020000,39.317353,17.929659,36.600000,10.000000,0.000000    ,0.000000  ,4.988781
0.020000,39.369645,17.736620,36.800000,10.000000,0.000000    ,0.000000  ,4.965327
0.020000,39.417538,17.542444,37.000000,10.000000,0.000000    ,0.000000  ,4.943328
0.020000,39.461284,17.347291,37.200000,10.000000,0.000000    ,0.000000  ,4.922709
0.020000,39.501126,17.151303,37.400000,10.000000,0.000000    ,0.000000  ,4.903397
0.020000,39.537300,16.954603,37.600000,10.000000,0.000000    ,0.000000  ,4.885317
0.020000,39.570026,16.757302,37.800000,10.000000,0.000000    ,0.000000  ,4.868401
0.020000,39.599521,16.559491,38.000000,10.000000,0.000000    ,0.000000  ,4.852580
0.020000,39.625985,16.361251,38.200000,10.000000,0.000000    ,0.000000  ,4.837791
0.020000,39.649613,16.162653,38.400000,10.000000,0.000000    ,0.000000  ,4.823974
0.020000,39.670586,15.963757,38.600000,10.000000,0.000000    ,0.000000  ,4.811073
0.020000,39.689074,15.764662,38.799953,9.995309 ,-0.234570   ,-11.728497,4.799039
0.020000,39.705236,15.565516,38.999755,9.984903 ,-0.520284   ,-14.285714,4.787827
0.020000,39.719225,15.366471,39.199292,9.968783 ,-0.805999   ,-14.285714,4.777399
0.020000,39.731188,15.167674,39.398449,9.946949 ,-1.091713   ,-14.285714,4.767714
0.020000,39.741273,14.969267,39.597113,9.919400 ,-1.377427   ,-14.285714,4.758738
0.020000,39.749617,14.771388,39.795168,9.886137 ,-1.663141   ,-14.285714,4.750434
0.020000,39.756357,14.574171,39.992501,9.847160 ,-1.948856   ,-14.285714,4.742770
0.020000,39.761625,14.377699,40.189044,9.807160 ,-2.000000   ,-2.557217 ,4.735715
0.020000,39.765548,14.181995,40.384788,9.767160 ,-2.000000   ,0.000000  ,4.729236
0.020000,39.768246,13.987070,40.579731,9.727160 ,-2.000000   ,-0.000000 ,4.723305
0.020000,39.769832,13.792934,40.773874,9.687160 ,-2.000000   ,0.000000  ,4.717895
0.020000,39.770414,13.599592,40.967217,9.647160 ,-2.000000   ,-0.000000 ,4.712981
0.020000,39.769187,13.415219,41.159760,9.607160 ,-2.000000   ,0.000000  ,4.696850
0.020000,39.764366,13.223539,41.351504,9.567160 ,-2.000000   ,0.000000  ,4.677510
0.020000,39.755809,13.032791,41.542447,9.527160 ,-2.000000   ,-0.000000 ,4.657472
0.020000,39.743416,12.843055,41.732590,9.487160 ,-2.000000   ,0.000000  ,4.636722
0.020000,39.727089,12.654421,41.921933,9.447160 ,-2.000000   ,-0.000000 ,4.615245
0.020000,39.706732,12.466984,42.110476,9.407160 ,-2.000000   ,0.000000  ,4.593032
0.020000,39.682252,12.280848,42.298220,9.367160 ,-2.000000   ,-0.000000 ,4.570076
0.020000,39.653560,12.096124,42.485163,9.327160 ,-2.000000   ,0.000000  ,4.546375
0.020000,39.620572,11.912932,42.671306,9.287160 ,-2.000000   ,-0.000000 ,4.521934
0.020000,39.583211,11.731398,42.856649,9.247160 ,-2.000000   ,0.000000  ,4.496759
0.020000,39.541409,11.551657,43.041192,9.207160 ,-2.000000   ,-0.000000 ,4.470867
0.020000,39.495106,11.373849,43.224936,9.167160 ,-2.000000   ,0.000000  ,4.444279
0.020000,39.444257,11.198121,43.407879,9.127160 ,-2.000000   ,-0.000000 ,4.417026
0.020000,39.388825,11.024624,43.590022,9.087160 ,-2.000000   ,0.000000  ,4.389144
0.020000,39.328793,10.853512,43.771365,9.047160 ,-2.000000   ,-0.000000 ,4.360679
0.020000,39.264156,10.684943,43.951909,9.007160 ,-2.000000   ,0.000000  ,4.331686
0.020000,39.194928,10.519073,44.131652,8.967160 ,-2.000000   ,-0.000000 ,4.302225
0.020000,39.121140,10.356059,44.310595,8.927160 ,-2.000000   ,0.000000  ,4.272365
0.020000,39.042843,10.196052,44.488738,8.887160 ,-2.000000   ,-0.000000 ,4.242182
0.020000,38.960106,10.039200,44.666081,8.847160 ,-2.000000   ,0.000000  ,4.211756
0.020000,38.873017,9.885640 ,44.842625,8.807160 ,-2.000000   ,-0.000000 ,4.181174
0.020000,38.781683,9.735502 ,45.018368,8.767160 ,-2.000000   ,0.000000  ,4.150524
0.020000,38.686227,9.588904 ,45.193311,8.727160 ,-2.000000   ,-0.000000 ,4.119895
0.020000,38.586791,9.445950 ,45.367454,8.687160 ,-2.000000   ,0.000000  ,4.089376
0.020000,38.483528,9.306730 ,45.540797,8.647160 ,-2.000000   ,-0.000000 ,4.059055
0.020000,38.376606,9.171317 ,45.713341,8.607160 ,-2.000000   ,0.000000  ,4.029015
0.020000,38.266202,9.039770 ,45.885084,8.567160 ,-2.000000   ,-0.000000 ,3.999337
0.020000,38.152502,8.912131 ,46.056027,8.527160 ,-2.000000   ,0.000000  ,3.970092
0.020000,38.035698,8.788423 ,46.226170,8.487160 ,-2.000000   ,-0.000000 ,3.941347
0.020000,37.915985,8.668657 ,46.395513,8.447160 ,-2.000000   ,0.000000  ,3.913161
0.020000,37.793561,8.552824 ,46.564057,8.407160 ,-2.000000   ,-0.000000 ,3.885584
0.020000,37.668621,8.440904 ,46.731800,8.367160 ,-2.000000   ,0.000000  ,3.858659
0.020000,37.541360,8.332862 ,46.898743,8.327160 ,-2.000000   ,-0.000000 ,3.832419
0.020000,37.411967,8.228652 ,47.064886,8.287160 ,-2.000000   ,0.000000  ,3.806892
0.020000,37.280630,8.128217 ,47.230229,8.247160 ,-2.000000   ,-0.000000 ,3.782096
0.020000,37.147525,8.031489 ,47.394773,8.207160 ,-2.000000   ,0.000000  ,3.758045
0.020000,37.012825,7.938394 ,47.558516,8.167160 ,-2.000000   ,-0.000000 ,3.734744
0.020000,36.876696,7.848851 ,47.721459,8.127160 ,-2.000000   ,0.000000  ,3.712193
0.020000,36.739291,7.762773 ,47.883602,8.087160 ,-2.000000   ,-0.000000 ,3.690390
0.020000,36.600760,7.680070 ,48.044945,8.047160 ,-2.000000   ,0.000000  ,3.669325
0.020000,36.461242,7.600647 ,48.205489,8.007160 ,-2.000000   ,-0.000000 ,3.648988
0.020000,36.320868,7.524410 ,48.365232,7.967160 ,-2.000000   ,0.000000  ,3.629364
0.020000,36.193909,7.458404 ,48.524175,7.927160 ,-2.000000   ,0.000000  ,3.614389
0.020000,36.052812,7.386984 ,48.682318,7.887160 ,-2.000000   ,0.000000  ,3.605983
0.020000,35.911844,7.317094 ,48.839661,7.847160 ,-2.000000   ,0.000000  ,3.597768
0.020000,35.771032,7.248700 ,48.996205,7.807160 ,-2.000000   ,0.000000  ,3.589747
0.020000,35.630405,7.181767 ,49.151948,7.767160 ,-2.000000   ,0.000000  ,3.581920
0.020000,35.489990,7.116262 ,49.306891,7.727160 ,-2.000000   ,0.000000  ,3.574287
0.020000,35.349813,7.052150 ,49.461034,7.687160 ,-2.000000   ,0.000000  ,3.566849
0.020000,35.209899,6.989396 ,49.614377,7.647160 ,-2.000000   ,0.000000  ,3.559605
0.020000,35.070272,6.927966 ,49.766921,7.607160 ,-2.000000   ,0.000000  ,3.552555
0.020000,34.930956,6.867825 ,49.918664,7.567160 ,-2.000000   ,0.000000  ,3.545698
0.020000,34.791973,6.808939 ,50.069607,7.527160 ,-2.000000   ,0.000000  ,3.539033
0.020000,34.653345,6.751275 ,50.219750,7.487160 ,-2.000000   ,0.000000  ,3.532561
0.020000,34.515093,6.694799 ,50.369093,7.447160 ,-2.000000   ,0.000000  ,3.526279
0.020000,34.377236,6.639477 ,50.517637,7.407160 ,-2.000000   ,-0.000000 ,3.520186
0.020000,34.239794,6.585276 ,50.665380,7.367160 ,-2.000000   ,0.000000  ,3.514281
0.020000,34.102785,6.532165 ,50.812323,7.327160 ,-2.000000   ,-0.000000 ,3.508562
0.020000,33.966227,6.480110 ,50.958466,7.287160 ,-2.000000   ,0.000000  ,3.503027
0.020000,33.830137,6.429080 ,51.103809,7.247160 ,-2.000000   ,-0.000000 ,3.497675
0.020000,33.694531,6.379044 ,51.248353,7.207160 ,-2.000000   ,0.000000  ,3.492504
0.020000,33.559424,6.329970 ,51.392096,7.167160 ,-2.000000   ,-0.000000 ,3.487512
0.020000,33.424831,6.281829 ,51.535039,7.127160 ,-2.000000   ,0.000000  ,3.482697
0.020000,33.290767,6.234591 ,51.677182,7.087160 ,-2.000000   ,-0.000000 ,3.478056
0.020000,33.157245,6.188226 ,51.818526,7.047160 ,-2.000000   ,0.000000  ,3.473587
0.020000,33.024278,6.142706 ,51.959069,7.007160 ,-2.000000   ,-0.000000 ,3.469289
0.020000,32.891877,6.098003 ,52.098812,6.967160 ,-2.000000   ,0.000000  ,3.465158
0.020000,32.760057,6.054089 ,52.237755,6.927160 ,-2.000000   ,-0.000000 ,3.461193
0.020000,32.628826,6.010938 ,52.375898,6.887160 ,-2.000000   ,0.000000  ,3.457391
0.020000,32.498197,5.968521 ,52.513242,6.847160 ,-2.000000   ,-0.000000 ,3.453749
0.020000,32.368179,5.926815 ,52.649785,6.807160 ,-2.000000   ,0.000000  ,3.450266
0.020000,32.238783,5.885794 ,52.785528,6.767160 ,-2.000000   ,-0.000000 ,3.446939
0.020000,32.110017,5.845432 ,52.920471,6.727160 ,-2.000000   ,0.000000  ,3.443766
0.020000,31.981891,5.805707 ,53.054614,6.687160 ,-2.000000   ,-0.000000 ,3.440743
0.020000,31.854413,5.766594 ,53.187958,6.647160 ,-2.000000   ,0.000000  ,3.437869
0.020000,31.727592,5.728071 ,53.320501,6.607160 ,-2.000000   ,-0.000000 ,3.435141
0.020000,31.601435,5.690115 ,53.452244,6.567160 ,-2.000000   ,0.000000  ,3.432557
0.020000,31.475949,5.652705 ,53.583187,6.527160 ,-2.000000   ,-0.000000 ,3.430115
0.020000,31.351142,5.615820 ,53.713330,6.487160 ,-2.000000   ,0.000000  ,3.427811
0.020000,31.227021,5.579439 ,53.842674,6.447160 ,-2.000000   ,-0.000000 ,3.425644
0.020000,31.103592,5.543542 ,53.971217,6.407160 ,-2.000000   ,0.000000  ,3.423610
0.020000,30.980861,5.508109 ,54.098960,6.367160 ,-2.000000   ,-0.000000 ,3.421709
0.020000,30.858834,5.473123 ,54.225903,6.327160 ,-2.000000   ,0.000000  ,3.419937
0.020000,30.737518,5.438564 ,54.352046,6.287160 ,-2.000000   ,-0.000000 ,3.418293
0.020000,30.616916,5.404415 ,54.477390,6.247160 ,-2.000000   ,0.000000  ,3.416773
0.020000,30.497034,5.370659 ,54.601933,6.207160 ,-2.000000   ,-0.000000 ,3.415375
0.020000,30.377878,5.337280 ,54.725676,6.167160 ,-2.000000   ,0.000000  ,3.414098
0.020000,30.259452,5.304260 ,54.848619,6.127160 ,-2.000000   ,-0.000000 ,3.412939
0.020000,30.141761,5.271584 ,54.970762,6.087160 ,-2.000000   ,0.000000  ,3.411896
0.020000,30.024808,5.239238 ,55.092106,6.047160 ,-2.000000   ,-0.000000 ,3.410966
0.020000,29.908599,5.207207 ,55.212649,6.007160 ,-2.000000   ,0.000000  ,3.410148
0.020000,29.793136,5.175476 ,55.332392,5.967160 ,-2.000000   ,-0.000000 ,3.409439
0.020000,29.678425,5.144033 ,55.451335,5.927160 ,-2.000000   ,0.000000  ,3.408838
0.020000,29.564467,5.112863 ,55.569478,5.887160 ,-2.000000   ,-0.000000 ,3.408341
0.020000,29.451268,5.081955 ,55.686822,5.847160 ,-2.000000   ,0.000000  ,3.407947
0.020000,29.338829,5.051297 ,55.803365,5.807160 ,-2.000000   ,-0.000000 ,3.407654
0.020000,29.227156,5.020875 ,55.919108,5.767160 ,-2.000000   ,0.000000  ,3.407461
0.020000,29.116249,4.990681 ,56.034051,5.727160 ,-2.000000   ,-0.000000 ,3.407364
0.020000,29.006113,4.960702 ,56.148194,5.687160 ,-2.000000   ,0.000000  ,3.407362
0.020000,28.896751,4.930928 ,56.261538,5.647160 ,-2.000000   ,-0.000000 ,3.407452
0.020000,28.788164,4.901349 ,56.374081,5.607160 ,-2.000000   ,0.000000  ,3.407634
0.020000,28.680356,4.871957 ,56.485824,5.567160 ,-2.000000   ,-0.000000 ,3.407905
0.020000,28.573328,4.842741 ,56.596767,5.527160 ,-2.000000   ,0.000000  ,3.408263
0.020000,28.467085,4.813693 ,56.706910,5.487160 ,-2.000000   ,-0.000000 ,3.408706
0.020000,28.361626,4.784805 ,56.816254,5.447160 ,-2.000000   ,0.000000  ,3.409232
0.020000,28.256956,4.756069 ,56.924797,5.407160 ,-2.000000   ,-0.000000 ,3.409840
0.020000,28.153076,4.727477 ,57.032540,5.367160 ,-2.000000   ,0.000000  ,3.410528
0.020000,28.049987,4.699023 ,57.139483,5.327160 ,-2.000000   ,-0.000000 ,3.411293
0.020000,27.947693,4.670700 ,57.245626,5.287160 ,-2.000000   ,0.000000  ,3.412134
0.020000,27.846194,4.642501 ,57.350970,5.247160 ,-2.000000   ,-0.000000 ,3.413050
0.020000,27.745493,4.614420 ,57.455513,5.207160 ,-2.000000   ,0.000000  ,3.414038
0.020000,27.645591,4.586452 ,57.559256,5.167160 ,-2.000000   ,-0.000000 ,3.415096
0.020000,27.546489,4.558591 ,57.662199,5.127160 ,-2.000000   ,0.000000  ,3.416224
0.020000,27.448190,4.530832 ,57.764343,5.087160 ,-2.000000   ,-0.000000 ,3.417418
0.020000,27.350695,4.503172 ,57.865686,5.047160 ,-2.000000   ,0.000000  ,3.418678
0.020000,27.254005,4.475604 ,57.966229,5.007160 ,-2.000000   ,-0.000000 ,3.420002
0.020000,27.158121,4.448126 ,58.065972,4.967160 ,-2.000000   ,0.000000  ,3.421388
0.020000,27.063045,4.420734 ,58.164915,4.927160 ,-2.000000   ,-0.000000 ,3.422834
0.020000,26.968779,4.393424 ,58.263059,4.887160 ,-2.000000   ,0.000000  ,3.424339
0.020000,26.875322,4.366193 ,58.360402,4.847160 ,-2.000000   ,0.000000  ,3.425901
0.020000,26.782676,4.339039 ,58.456945,4.807160 ,-2.000000   ,0.000000  ,3.427518
0.020000,26.690842,4.311959 ,58.552688,4.767160 ,-2.000000   ,0.000000  ,3.429189
0.020000,26.599822,4.284951 ,58.647631,4.727160 ,-2.000000   ,0.000000  ,3.430912
0.020000,26.509615,4.258012 ,58.741775,4.687160 ,-2.000000   ,0.000000  ,3.432686
0.020000,26.420223,4.231142 ,58.835118,4.647160 ,-2.000000   ,0.000000  ,3.434508
0.020000,26.331646,4.204338 ,58.927661,4.607160 ,-2.000000   ,0.000000  ,3.436377
0.020000,26.243886,4.177600 ,59.019404,4.567160 ,-2.000000   ,0.000000  ,3.438293
0.020000,26.156942,4.150927 ,59.110347,4.527160 ,-2.000000   ,0.000000  ,3.440252
0.020000,26.070816,4.124317 ,59.200491,4.487160 ,-2.000000   ,0.000000  ,3.442254
0.020000,25.985508,4.097771 ,59.289834,4.447160 ,-2.000000   ,0.000000  ,3.444297
0.020000,25.901018,4.071289 ,59.378377,4.407160 ,-2.000000   ,0.000000  ,3.446379
0.020000,25.817346,4.044870 ,59.466120,4.367160 ,-2.000000   ,0.000000  ,3.448499
0.020000,25.734494,4.018514 ,59.553063,4.327160 ,-2.000000   ,0.000000  ,3.450655
0.020000,25.652461,3.992223 ,59.639207,4.287160 ,-2.000000   ,0.000000  ,3.452847
0.020000,25.571247,3.965996 ,59.724550,4.247160 ,-2.000000   ,0.000000  ,3.455071
0.020000,25.490854,3.939835 ,59.809093,4.207160 ,-2.000000   ,0.000000  ,3.457328
0.020000,25.411280,3.913741 ,59.892836,4.167160 ,-2.000000   ,0.000000  ,3.459614
0.020000,25.332526,3.887715 ,59.975779,4.127160 ,-2.000000   ,0.000000  ,3.461930
0.020000,25.254591,3.861758 ,60.057923,4.087160 ,-2.000000   ,0.000000  ,3.464273
0.020000,25.177477,3.835872 ,60.139266,4.047160 ,-2.000000   ,0.000000  ,3.466642
0.020000,25.101182,3.810059 ,60.219809,4.007160 ,-2.000000   ,0.000000  ,3.469035
0.020000,25.025707,3.784321 ,60.299552,3.967160 ,-2.000000   ,0.000000  ,3.471451
0.020000,24.951051,3.758660 ,60.378495,3.927160 ,-2.000000   ,-0.000000 ,3.473889
0.020000,24.877214,3.733078 ,60.456639,3.887160 ,-2.000000   ,0.000000  ,3.476347
0.020000,24.804195,3.707578 ,60.533982,3.847160 ,-2.000000   ,0.000000  ,3.478824
0.020000,24.731995,3.682162 ,60.610525,3.807160 ,-2.000000   ,0.000000  ,3.481318
0.020000,24.660612,3.656833 ,60.686268,3.767160 ,-2.000000   ,0.000000  ,3.483828
0.020000,24.590047,3.631594 ,60.761211,3.727160 ,-2.000000   ,0.000000  ,3.486353
0.020000,24.520298,3.606447 ,60.835355,3.687160 ,-2.000000   ,0.000000  ,3.488891
0.020000,24.451366,3.581396 ,60.908698,3.647160 ,-2.000000   ,0.000000  ,3.491441
0.020000,24.383249,3.556445 ,60.981241,3.607160 ,-2.000000   ,0.000000  ,3.494001
0.020000,24.315946,3.531596 ,61.052984,3.567160 ,-2.000000   ,0.000000  ,3.496571
0.020000,24.249458,3.506853 ,61.123927,3.527160 ,-2.000000   ,0.000000  ,3.499148
0.020000,24.183783,3.482219 ,61.194071,3.487160 ,-2.000000   ,-0.000000 ,3.501732
0.020000,24.118920,3.457698 ,61.263414,3.447160 ,-2.000000   ,0.000000  ,3.504322
0.020000,24.054868,3.433294 ,61.331957,3.407160 ,-2.000000   ,0.000000  ,3.506916
0.020000,23.991627,3.409011 ,61.399700,3.367160 ,-2.000000   ,0.000000  ,3.509512
0.020000,23.929195,3.384852 ,61.466643,3.327160 ,-2.000000   ,0.000000  ,3.512110
0.020000,23.867571,3.360822 ,61.532787,3.287160 ,-2.000000   ,0.000000  ,3.514709
0.020000,23.806755,3.336924 ,61.598130,3.247160 ,-2.000000   ,0.000000  ,3.517306
0.020000,23.746745,3.313163 ,61.662673,3.207160 ,-2.000000   ,0.000000  ,3.519902
0.020000,23.687539,3.289543 ,61.726416,3.167160 ,-2.000000   ,0.000000  ,3.522494
0.020000,23.629137,3.266068 ,61.789360,3.127160 ,-2.000000   ,0.000000  ,3.525082
0.020000,23.571538,3.242742 ,61.851503,3.087160 ,-2.000000   ,0.000000  ,3.527665
0.020000,23.514740,3.219570 ,61.912846,3.047160 ,-2.000000   ,0.000000  ,3.530241
0.020000,23.458741,3.196556 ,61.973389,3.007160 ,-2.000000   ,0.000000  ,3.532809
0.020000,23.403541,3.173705 ,62.033132,2.967160 ,-2.000000   ,0.000000  ,3.535368
0.020000,23.349138,3.151021 ,62.092076,2.927160 ,-2.000000   ,0.000000  ,3.537917
0.020000,23.295530,3.128508 ,62.150219,2.887160 ,-2.000000   ,0.000000  ,3.540455
0.020000,23.242716,3.106171 ,62.207562,2.847160 ,-2.000000   ,0.000000  ,3.542981
0.020000,23.190695,3.084014 ,62.264105,2.807160 ,-2.000000   ,-0.000000 ,3.545494
0.020000,23.139464,3.062043 ,62.319848,2.767160 ,-2.000000   ,0.000000  ,3.547993
0.020000,23.089023,3.040261 ,62.374792,2.727160 ,-2.000000   ,0.000000  ,3.550477
0.020000,23.039370,3.018673 ,62.428935,2.687160 ,-2.000000   ,0.000000  ,3.552945
0.020000,22.990503,2.997284 ,62.482278,2.647160 ,-2.000000   ,0.000000  ,3.555395
0.020000,22.942420,2.976098 ,62.534821,2.607160 ,-2.000000   ,0.000000  ,3.557828
0.020000,22.895120,2.955120 ,62.586564,2.567160 ,-2.000000   ,0.000000  ,3.560242
0.020000,22.848601,2.934355 ,62.637508,2.527160 ,-2.000000   ,0.000000  ,3.562636
0.020000,22.802862,2.913807 ,62.687651,2.487160 ,-2.000000   ,0.000000  ,3.565009
0.020000,22.757900,2.893480 ,62.736994,2.447160 ,-2.000000   ,0.000000  ,3.567360
0.020000,22.713714,2.873379 ,62.785537,2.407160 ,-2.000000   ,0.000000  ,3.569690
0.020000,22.670302,2.853509 ,62.833280,2.367160 ,-2.000000   ,0.000000  ,3.571995
0.020000,22.627662,2.833874 ,62.880224,2.327160 ,-2.000000   ,0.000000  ,3.574277
0.020000,22.585793,2.814478 ,62.926367,2.287160 ,-2.000000   ,0.000000  ,3.576534
0.020000,22.544693,2.795327 ,62.971710,2.247160 ,-2.000000   ,-0.000000 ,3.578765
0.020000,22.504360,2.776424 ,63.016253,2.207160 ,-2.000000   ,0.000000  ,3.580970
0.020000,22.464792,2.757773 ,63.059996,2.167160 ,-2.000000   ,0.000000  ,3.583147
0.020000,22.425987,2.739380 ,63.102940,2.127160 ,-2.000000   ,0.000000  ,3.585297
0.020000,22.387944,2.721248 ,63.145083,2.087160 ,-2.000000   ,0.000000  ,3.587418
0.020000,22.350661,2.703382 ,63.186426,2.047160 ,-2.000000   ,0.000000  ,3.589509
0.020000,22.314135,2.685786 ,63.226969,2.007160 ,-2.000000   ,0.000000  ,3.591571
0.020000,22.278366,2.668463 ,63.266712,1.967160 ,-2.000000   ,0.000000  ,3.593602
0.020000,22.243350,2.651419 ,63.305656,1.927160 ,-2.000000   ,0.000000  ,3.595601
0.020000,22.209088,2.634657 ,63.343799,1.887160 ,-2.000000   ,-0.000000 ,3.597569
0.020000,22.175576,2.618181 ,63.381142,1.847160 ,-2.000000   ,0.000000  ,3.599504
0.020000,22.142813,2.601995 ,63.417685,1.807160 ,-2.000000   ,0.000000  ,3.601405
0.020000,22.110797,2.586103 ,63.453428,1.767160 ,-2.000000   ,0.000000  ,3.603273
0.020000,22.079526,2.570508 ,63.488372,1.727160 ,-2.000000   ,0.000000  ,3.605107
0.020000,22.048999,2.555216 ,63.522515,1.687160 ,-2.000000   ,0.000000  ,3.606906
0.020000,22.019214,2.540228 ,63.555858,1.647160 ,-2.000000   ,0.000000  ,3.608669
0.020000,21.990170,2.525550 ,63.588401,1.607160 ,-2.000000   ,0.000000  ,3.610397
0.020000,21.961863,2.511184 ,63.620144,1.567160 ,-2.000000   ,0.000000  ,3.612088
0.020000,21.934294,2.497133 ,63.651088,1.527160 ,-2.000000   ,-0.000000 ,3.613743
0.020000,21.907460,2.483402 ,63.681231,1.487160 ,-2.000000   ,0.000000  ,3.615360
0.020000,21.881359,2.469994 ,63.710574,1.447160 ,-2.000000   ,0.000000  ,3.616939
0.020000,21.855990,2.456912 ,63.739117,1.407160 ,-2.000000   ,0.000000  ,3.618480
0.020000,21.831352,2.444159 ,63.766860,1.367160 ,-2.000000   ,0.000000  ,3.619982
0.020000,21.807443,2.431738 ,63.793804,1.327160 ,-2.000000   ,0.000000  ,3.621446
0.020000,21.784261,2.419653 ,63.819947,1.287160 ,-2.000000   ,0.000000  ,3.622869
0.020000,21.761804,2.407905 ,63.845290,1.247160 ,-2.000000   ,0.000000  ,3.624253
0.020000,21.740072,2.396499 ,63.869833,1.207160 ,-2.000000   ,0.000000  ,3.625597
0.020000,21.719064,2.385437 ,63.893577,1.167160 ,-2.000000   ,0.000000  ,3.626901
0.020000,21.698776,2.374722 ,63.916520,1.127160 ,-2.000000   ,0.000000  ,3.628163
0.020000,21.679210,2.364356 ,63.938663,1.087160 ,-2.000000   ,-0.000000 ,3.629384
0.020000,21.660362,2.354342 ,63.960006,1.047160 ,-2.000000   ,0.000000  ,3.630564
0.020000,21.642231,2.344682 ,63.980549,1.007160 ,-2.000000   ,0.000000  ,3.631702
0.020000,21.624817,2.335379 ,64.000293,0.967160 ,-2.000000   ,0.000000  ,3.632798
0.020000,21.608118,2.326435 ,64.019236,0.927160 ,-2.000000   ,-0.000000 ,3.633851
0.020000,21.592134,2.317852 ,64.037379,0.887160 ,-2.000000   ,0.000000  ,3.634862
0.020000,21.576862,2.309632 ,64.054722,0.847160 ,-2.000000   ,0.000000  ,3.635830
0.020000,21.562302,2.301778 ,64.071265,0.807160 ,-2.000000   ,0.000000  ,3.636755
0.020000,21.548453,2.294291 ,64.087009,0.767160 ,-2.000000   ,0.000000  ,3.637636
0.020000,21.535314,2.287174 ,64.101952,0.727160 ,-2.000000   ,-0.000000 ,3.638474
0.020000,21.522884,2.280427 ,64.116095,0.687160 ,-2.000000   ,0.000000  ,3.639268
0.020000,21.511162,2.274053 ,64.129438,0.647160 ,-2.000000   ,0.000000  ,3.640019
0.020000,21.500146,2.268052 ,64.141981,0.607160 ,-2.000000   ,-0.000000 ,3.640725
0.020000,21.489838,2.262428 ,64.153725,0.567160 ,-2.000000   ,0.000000  ,3.641387
0.020000,21.480235,2.257181 ,64.164668,0.527160 ,-2.000000   ,0.000000  ,3.642004
0.020000,21.471337,2.252311 ,64.174811,0.487160 ,-2.000000   ,0.000000  ,3.642577
0.020000,21.463143,2.247822 ,64.184154,0.447160 ,-2.000000   ,0.000000  ,3.643106
0.020000,21.455653,2.243713 ,64.192697,0.407160 ,-2.000000   ,-0.000000 ,3.643589
0.020000,21.448866,2.239986 ,64.200441,0.367160 ,-2.000000   ,0.000000  ,3.644027
0.020000,21.442781,2.236641 ,64.207384,0.327160 ,-2.000000   ,-0.000000 ,3.644421
0.020000,21.437399,2.233679 ,64.213527,0.287160 ,-2.000000   ,0.000000  ,3.644769
0.020000,21.432718,2.231102 ,64.218870,0.247160 ,-2.000000   ,0.000000  ,3.645072
0.020000,21.428739,2.228910 ,64.223413,0.207160 ,-2.000000   ,0.000000  ,3.645330
0.020000,21.425461,2.227103 ,64.227157,0.167160 ,-2.000000   ,0.000000  ,3.645543
0.020000,21.422884,2.225681 ,64.230100,0.127160 ,-2.000000   ,-0.000000 ,3.645710
0.020000,21.420966,2.224623 ,64.232290,0.091852 ,-1.765430   ,11.728497 ,3.645834
0.020000,21.419617,2.223878 ,64.233831,0.062257 ,-1.479716   ,14.285714 ,3.645922
0.020000,21.418736,2.223392 ,64.234837,0.038377 ,-1.194001   ,14.285714 ,3.645979
0.020000,21.418223,2.223109 ,64.235423,0.020212 ,-0.908287   ,14.285714 ,3.646012
0.020000,21.417978,2.222974 ,64.235703,0.007760 ,-0.622573   ,14.285714 ,3.646028
0.020000,21.417901,2.222931 ,64.235791,0.001023 ,-0.336859   ,14.285714 ,3.646033
0.020000,21.417892,2.222926 ,64.235801,0.000000 ,-0.051144   ,14.285714 ,3.646034
0.020000,21.417892,2.222926 ,64.235801,0.000000 ,0.000000    ,2.557217  ,3.646034
