dt      ,x        ,y        ,position ,velocity ,acceleration,jerk        ,heading
0.020000,5.501826 ,18.249999,0.000057 ,0.005714 ,0.285714    ,14.285714   ,6.281724
0.020000,5.501799 ,18.249999,0.000085 ,0.001392 ,-0.216127   ,-25.092068  ,6.281746
0.020000,5.501736 ,18.249999,0.000148 ,0.003131 ,0.086981    ,15.155403   ,6.281797
0.020000,5.501625 ,18.249999,0.000259 ,0.005567 ,0.121765    ,1.739196    ,6.281886
0.020000,5.501451 ,18.249999,0.000433 ,0.008697 ,0.156536    ,1.738545    ,6.282025
0.020000,5.501200 ,18.249999,0.000683 ,0.012523 ,0.191285    ,1.737477    ,6.282225
0.020000,5.500859 ,18.250000,0.001024 ,0.017043 ,0.226003    ,1.735884    ,6.282498
0.020000,5.500421 ,18.250000,0.001462 ,0.021909 ,0.243290    ,0.864338    ,6.282848
0.020000,5.500825 ,18.250000,0.001866 ,0.020172 ,-0.086852   ,-16.507106  ,0.000091
0.020000,5.505393 ,18.250002,0.006434 ,0.228394 ,10.411117   ,524.898464  ,0.000598
0.020000,5.510662 ,18.250006,0.011703 ,0.263488 ,1.754697    ,-432.820978 ,0.001182
0.020000,5.516635 ,18.250015,0.017676 ,0.298647 ,1.757918    ,0.161055    ,0.001843
0.020000,5.523311 ,18.250030,0.024352 ,0.333781 ,1.756704    ,-0.060734   ,0.002583
0.020000,5.530689 ,18.250052,0.031731 ,0.368932 ,1.757563    ,0.042953    ,0.003400
0.020000,5.538770 ,18.250083,0.039812 ,0.404048 ,1.755807    ,-0.087804   ,0.004295
0.020000,5.547555 ,18.250125,0.048597 ,0.439251 ,1.760134    ,0.216384    ,0.005267
0.020000,5.557043 ,18.250180,0.058084 ,0.474372 ,1.756070    ,-0.203228   ,0.006317
0.020000,5.567233 ,18.250250,0.068274 ,0.509512 ,1.757006    ,0.046794    ,0.007445
0.020000,5.578126 ,18.250338,0.079168 ,0.544696 ,1.759164    ,0.107926    ,0.008650
0.020000,5.589723 ,18.250446,0.090766 ,0.579876 ,1.759025    ,-0.006981   ,0.009932
0.020000,5.602023 ,18.250576,0.103067 ,0.615041 ,1.758233    ,-0.039607   ,0.011291
0.020000,5.615027 ,18.250732,0.116071 ,0.650215 ,1.758711    ,0.023929    ,0.012728
0.020000,5.628733 ,18.250917,0.129779 ,0.685397 ,1.759084    ,0.018669    ,0.014241
0.020000,5.643143 ,18.251134,0.144190 ,0.720584 ,1.759358    ,0.013697    ,0.015832
0.020000,5.658257 ,18.251386,0.159306 ,0.755775 ,1.759539    ,0.009027    ,0.017499
0.020000,5.674075 ,18.251677,0.175126 ,0.791026 ,1.762569    ,0.151496    ,0.019243
0.020000,5.690596 ,18.252010,0.191651 ,0.826236 ,1.760488    ,-0.104041   ,0.021064
0.020000,5.707821 ,18.252389,0.208880 ,0.861442 ,1.760334    ,-0.007723   ,0.022960
0.020000,5.725749 ,18.252818,0.226814 ,0.896684 ,1.762064    ,0.086544    ,0.024933
0.020000,5.744382 ,18.253302,0.245453 ,0.931967 ,1.764163    ,0.104919    ,0.026982
0.020000,5.763718 ,18.253844,0.264797 ,0.967182 ,1.760756    ,-0.170357   ,0.029107
0.020000,5.783760 ,18.254450,0.284847 ,1.002528 ,1.767304    ,0.327425    ,0.031307
0.020000,5.804504 ,18.255123,0.305603 ,1.037775 ,1.762327    ,-0.248866   ,0.033582
0.020000,5.825954 ,18.255869,0.327065 ,1.073116 ,1.767061    ,0.236706    ,0.035932
0.020000,5.848107 ,18.256692,0.349234 ,1.108449 ,1.766676    ,-0.019263   ,0.038357
0.020000,5.870965 ,18.257598,0.372110 ,1.143780 ,1.766537    ,-0.006946   ,0.040856
0.020000,5.894527 ,18.258592,0.395693 ,1.179144 ,1.768178    ,0.082062    ,0.043430
0.020000,5.918794 ,18.259678,0.419984 ,1.214572 ,1.771425    ,0.162363    ,0.046077
0.020000,5.943766 ,18.260864,0.444984 ,1.249986 ,1.770678    ,-0.037353   ,0.048797
0.020000,5.969442 ,18.262154,0.470692 ,1.285425 ,1.771971    ,0.064622    ,0.051590
0.020000,5.995822 ,18.263554,0.497110 ,1.320893 ,1.773415    ,0.072231    ,0.054456
0.020000,6.022908 ,18.265070,0.524238 ,1.356390 ,1.774831    ,0.070783    ,0.057394
0.020000,6.050698 ,18.266709,0.552076 ,1.391915 ,1.776229    ,0.069905    ,0.060403
0.020000,6.079193 ,18.268476,0.580626 ,1.427512 ,1.779870    ,0.182068    ,0.063483
0.020000,6.108394 ,18.270379,0.609888 ,1.463106 ,1.779689    ,-0.009054   ,0.066633
0.020000,6.138298 ,18.272423,0.639863 ,1.498726 ,1.781009    ,0.065970    ,0.069854
0.020000,6.168908 ,18.274615,0.670551 ,1.534397 ,1.783539    ,0.126491    ,0.073143
0.020000,6.200223 ,18.276962,0.701954 ,1.570146 ,1.787475    ,0.196835    ,0.076501
0.020000,6.232242 ,18.279472,0.734071 ,1.605864 ,1.785891    ,-0.079192   ,0.079927
0.020000,6.264967 ,18.282151,0.766906 ,1.641725 ,1.793059    ,0.358400    ,0.083420
0.020000,6.298396 ,18.285006,0.800456 ,1.677540 ,1.790741    ,-0.115917   ,0.086979
0.020000,6.332531 ,18.288045,0.834726 ,1.713478 ,1.796888    ,0.307347    ,0.090603
0.020000,6.367370 ,18.291275,0.869715 ,1.749436 ,1.797922    ,0.051709    ,0.094292
0.020000,6.402914 ,18.294703,0.905424 ,1.785442 ,1.800308    ,0.119303    ,0.098045
0.020000,6.439162 ,18.298339,0.941854 ,1.821518 ,1.803755    ,0.172347    ,0.101860
0.020000,6.476116 ,18.302188,0.979008 ,1.857685 ,1.808371    ,0.230778    ,0.105737
0.020000,6.513774 ,18.306260,1.016885 ,1.893889 ,1.810202    ,0.091584    ,0.109675
0.020000,6.552137 ,18.310562,1.055489 ,1.930163 ,1.813680    ,0.173874    ,0.113673
0.020000,6.591204 ,18.315103,1.094819 ,1.966509 ,1.817305    ,0.181240    ,0.117728
0.020000,6.630976 ,18.319890,1.134877 ,2.002929 ,1.820998    ,0.184683    ,0.121841
0.020000,6.671452 ,18.324932,1.175666 ,2.039439 ,1.825524    ,0.226272    ,0.126010
0.020000,6.712632 ,18.330237,1.217187 ,2.076032 ,1.829642    ,0.205917    ,0.130234
0.020000,6.754516 ,18.335814,1.259441 ,2.112692 ,1.832996    ,0.167702    ,0.134511
0.020000,6.797104 ,18.341671,1.302429 ,2.149433 ,1.837062    ,0.203279    ,0.138840
0.020000,6.840396 ,18.347818,1.346155 ,2.186302 ,1.843461    ,0.319941    ,0.143219
0.020000,6.884391 ,18.354262,1.390620 ,2.223235 ,1.846608    ,0.157396    ,0.147647
0.020000,6.929090 ,18.361012,1.435826 ,2.260275 ,1.852033    ,0.271232    ,0.152123
0.020000,6.974492 ,18.368078,1.481774 ,2.297417 ,1.857077    ,0.252214    ,0.156644
0.020000,7.020597 ,18.375467,1.528467 ,2.334671 ,1.862724    ,0.282325    ,0.161209
0.020000,7.067404 ,18.383190,1.575908 ,2.372012 ,1.867018    ,0.214701    ,0.165817
0.020000,7.114914 ,18.391255,1.624097 ,2.409493 ,1.874077    ,0.352979    ,0.170465
0.020000,7.163127 ,18.399670,1.673039 ,2.447079 ,1.879293    ,0.260774    ,0.175152
0.020000,7.212042 ,18.408446,1.722735 ,2.484777 ,1.884887    ,0.279716    ,0.179875
0.020000,7.261658 ,18.417590,1.773187 ,2.522600 ,1.891180    ,0.314658    ,0.184634
0.020000,7.311976 ,18.427113,1.824398 ,2.560552 ,1.897567    ,0.319352    ,0.189425
0.020000,7.362995 ,18.437022,1.876370 ,2.598633 ,1.904059    ,0.324586    ,0.194247
0.020000,7.414715 ,18.447327,1.929107 ,2.636846 ,1.910666    ,0.330318    ,0.199097
0.020000,7.467136 ,18.458038,1.982611 ,2.675194 ,1.917396    ,0.336507    ,0.203974
0.020000,7.520258 ,18.469162,2.036885 ,2.713679 ,1.924258    ,0.343107    ,0.208875
0.020000,7.574079 ,18.480709,2.091931 ,2.752309 ,1.931498    ,0.361988    ,0.213798
0.020000,7.628601 ,18.492688,2.147753 ,2.791097 ,1.939367    ,0.393471    ,0.218740
0.020000,7.683821 ,18.505107,2.204353 ,2.830012 ,1.945789    ,0.321124    ,0.223700
0.020000,7.739742 ,18.517976,2.261735 ,2.869089 ,1.953820    ,0.401513    ,0.228675
0.020000,7.796361 ,18.531303,2.319901 ,2.908323 ,1.961725    ,0.395259    ,0.233661
0.020000,7.853678 ,18.545097,2.378855 ,2.947707 ,1.969177    ,0.372585    ,0.238658
0.020000,7.911695 ,18.559366,2.438601 ,2.987256 ,1.977440    ,0.413162    ,0.243662
0.020000,7.970409 ,18.574119,2.499140 ,3.026969 ,1.985658    ,0.410908    ,0.248670
0.020000,8.029821 ,18.589364,2.560477 ,3.066839 ,1.993504    ,0.392317    ,0.253681
0.020000,8.089930 ,18.605110,2.622614 ,3.106880 ,2.002079    ,0.428748    ,0.258691
0.020000,8.150737 ,18.621364,2.685556 ,3.147098 ,2.010878    ,0.439954    ,0.263697
0.020000,8.212242 ,18.638135,2.749306 ,3.187480 ,2.019080    ,0.410083    ,0.268697
0.020000,8.274443 ,18.655430,2.813867 ,3.228036 ,2.027814    ,0.436721    ,0.273689
0.020000,8.337340 ,18.673257,2.879242 ,3.268768 ,2.036614    ,0.439982    ,0.278668
0.020000,8.400935 ,18.691623,2.945435 ,3.309678 ,2.045482    ,0.443415    ,0.283633
0.020000,8.465226 ,18.710537,3.012451 ,3.350766 ,2.054422    ,0.446974    ,0.288581
0.020000,8.530213 ,18.730004,3.080291 ,3.392035 ,2.063451    ,0.451476    ,0.293508
0.020000,8.595897 ,18.750033,3.148961 ,3.433489 ,2.072670    ,0.460908    ,0.298413
0.020000,8.662278 ,18.770629,3.218464 ,3.475122 ,2.081642    ,0.448619    ,0.303291
0.020000,8.729355 ,18.791800,3.288802 ,3.516939 ,2.090853    ,0.460564    ,0.308139
0.020000,8.797129 ,18.813551,3.359981 ,3.558943 ,2.100217    ,0.468179    ,0.312956
0.020000,8.865600 ,18.835889,3.432004 ,3.601132 ,2.109439    ,0.461087    ,0.317738
0.020000,8.934768 ,18.858820,3.504874 ,3.643508 ,2.118799    ,0.468037    ,0.322482
0.020000,9.004634 ,18.882349,3.578596 ,3.686071 ,2.128173    ,0.468689    ,0.327185
0.020000,9.075198 ,18.906481,3.653172 ,3.728822 ,2.137548    ,0.468723    ,0.331844
0.020000,9.146461 ,18.931222,3.728607 ,3.771762 ,2.147015    ,0.473376    ,0.336455
0.020000,9.218423 ,18.956576,3.804905 ,3.814891 ,2.156410    ,0.469757    ,0.341017
0.020000,9.291085 ,18.982548,3.882069 ,3.858207 ,2.165826    ,0.470783    ,0.345526
0.020000,9.364448 ,19.009141,3.960103 ,3.901714 ,2.175343    ,0.475843    ,0.349978
0.020000,9.438513 ,19.036360,4.039012 ,3.945410 ,2.184799    ,0.472794    ,0.354371
0.020000,9.513281 ,19.064209,4.118798 ,3.989295 ,2.194254    ,0.472769    ,0.358703
0.020000,9.588753 ,19.092690,4.199465 ,4.033369 ,2.203711    ,0.472874    ,0.362969
0.020000,9.664931 ,19.121806,4.281018 ,4.077633 ,2.213173    ,0.473080    ,0.367167
0.020000,9.741816 ,19.151560,4.363459 ,4.122086 ,2.222640    ,0.473364    ,0.371293
0.020000,9.819411 ,19.181953,4.446794 ,4.166728 ,2.232114    ,0.473701    ,0.375345
0.020000,9.897716 ,19.212988,4.531025 ,4.211559 ,2.241573    ,0.472952    ,0.379320
0.020000,9.976734 ,19.244666,4.616157 ,4.256574 ,2.250742    ,0.458423    ,0.383215
0.020000,10.056468,19.276988,4.702192 ,4.301784 ,2.260488    ,0.487326    ,0.387027
0.020000,10.136919,19.309955,4.789136 ,4.347182 ,2.269931    ,0.472116    ,0.390752
0.020000,10.218091,19.343566,4.876991 ,4.392761 ,2.278950    ,0.450961    ,0.394387
0.020000,10.299986,19.377821,4.965762 ,4.438540 ,2.288930    ,0.499025    ,0.397931
0.020000,10.382607,19.412721,5.055452 ,4.484494 ,2.297687    ,0.437846    ,0.401379
0.020000,10.465959,19.448263,5.146065 ,4.530647 ,2.307677    ,0.499500    ,0.404728
0.020000,10.550044,19.484446,5.237604 ,4.576983 ,2.316788    ,0.455534    ,0.407977
0.020000,10.634866,19.521268,5.330075 ,4.623507 ,2.326183    ,0.469726    ,0.411121
0.020000,10.720430,19.558727,5.423479 ,4.670223 ,2.335802    ,0.480990    ,0.414157
0.020000,10.806741,19.596819,5.517822 ,4.717127 ,2.345202    ,0.470006    ,0.417083
0.020000,10.893802,19.635542,5.613106 ,4.764220 ,2.354639    ,0.471816    ,0.419895
0.020000,10.981619,19.674891,5.709336 ,4.811502 ,2.364104    ,0.473280    ,0.422591
0.020000,11.070198,19.714862,5.806515 ,4.858975 ,2.373650    ,0.477266    ,0.425168
0.020000,11.159544,19.755450,5.904648 ,4.906640 ,2.383269    ,0.480964    ,0.427621
0.020000,11.249663,19.796649,6.003738 ,4.954497 ,2.392853    ,0.479217    ,0.429949
0.020000,11.340561,19.838454,6.103789 ,5.002549 ,2.402592    ,0.486945    ,0.432149
0.020000,11.432246,19.880858,6.204805 ,5.050797 ,2.412378    ,0.489301    ,0.434216
0.020000,11.524725,19.923853,6.306790 ,5.099241 ,2.422242    ,0.493179    ,0.436148
0.020000,11.618005,19.967433,6.409748 ,5.147884 ,2.432132    ,0.494526    ,0.437942
0.020000,11.712093,20.011588,6.513682 ,5.196723 ,2.441951    ,0.490919    ,0.439594
0.020000,11.807000,20.056310,6.618597 ,5.245770 ,2.452355    ,0.520234    ,0.441102
0.020000,11.902732,20.101589,6.724498 ,5.295017 ,2.462353    ,0.499863    ,0.442462
0.020000,11.999300,20.147415,6.831387 ,5.344474 ,2.472850    ,0.524860    ,0.443670
0.020000,12.096713,20.193777,6.939270 ,5.394138 ,2.483185    ,0.516744    ,0.444724
0.020000,12.194980,20.240664,7.048150 ,5.444017 ,2.493952    ,0.538376    ,0.445620
0.020000,12.294114,20.288063,7.158033 ,5.494109 ,2.504574    ,0.531096    ,0.446354
0.020000,12.394124,20.335961,7.268921 ,5.544420 ,2.515581    ,0.550351    ,0.446923
0.020000,12.495022,20.384345,7.380820 ,5.594954 ,2.526689    ,0.555380    ,0.447324
0.020000,12.596820,20.433199,7.493734 ,5.645713 ,2.537955    ,0.563287    ,0.447553
0.020000,12.699531,20.482510,7.607668 ,5.696701 ,2.549425    ,0.573500    ,0.447605
0.020000,12.803166,20.532260,7.722627 ,5.747924 ,2.561104    ,0.583968    ,0.447479
0.020000,12.907741,20.582432,7.838614 ,5.799384 ,2.572997    ,0.594651    ,0.447168
0.020000,13.013268,20.633009,7.955636 ,5.851086 ,2.585107    ,0.605513    ,0.446671
0.020000,13.119763,20.683972,8.073697 ,5.903034 ,2.597438    ,0.616516    ,0.445982
0.020000,13.227240,20.735302,8.192802 ,5.955234 ,2.609990    ,0.627627    ,0.445099
0.020000,13.335714,20.786977,8.312955 ,6.007690 ,2.622766    ,0.638810    ,0.444016
0.020000,13.445201,20.838975,8.434163 ,6.060406 ,2.635838    ,0.653569    ,0.442729
0.020000,13.555719,20.891275,8.556431 ,6.113391 ,2.649234    ,0.669831    ,0.441235
0.020000,13.667284,20.943852,8.679764 ,6.166642 ,2.662559    ,0.666227    ,0.439529
0.020000,13.779913,20.996681,8.804168 ,6.220174 ,2.676614    ,0.702748    ,0.437606
0.020000,13.893625,21.049736,8.929647 ,6.273982 ,2.690389    ,0.688749    ,0.435462
0.020000,14.008437,21.102989,9.056209 ,6.328082 ,2.704999    ,0.730496    ,0.433093
0.020000,14.124369,21.156412,9.183858 ,6.382466 ,2.719195    ,0.709827    ,0.430493
0.020000,14.241441,21.209975,9.312601 ,6.437150 ,2.734184    ,0.749415    ,0.427659
0.020000,14.359672,21.263647,9.442444 ,6.492134 ,2.749210    ,0.751316    ,0.424585
0.020000,14.479081,21.317394,9.573392 ,6.547419 ,2.764247    ,0.751847    ,0.421266
0.020000,14.599691,21.371183,9.705453 ,6.603012 ,2.779666    ,0.770961    ,0.417698
0.020000,14.721521,21.424977,9.838631 ,6.658917 ,2.795242    ,0.778796    ,0.413875
0.020000,14.844594,21.478740,9.972934 ,6.715136 ,2.810943    ,0.785069    ,0.409793
0.020000,14.968930,21.532431,10.108367,6.771671 ,2.826735    ,0.789602    ,0.405446
0.020000,15.094551,21.586011,10.244937,6.828522 ,2.842580    ,0.792210    ,0.400829
0.020000,15.221479,21.639437,10.382651,6.885691 ,2.858434    ,0.792702    ,0.395938
0.020000,15.349737,21.692664,10.521515,6.943176 ,2.874251    ,0.790878    ,0.390767
0.020000,15.479345,21.745647,10.661534,7.000982 ,2.890319    ,0.803400    ,0.385312
0.020000,15.610327,21.798336,10.802716,7.059097 ,2.905714    ,0.769726    ,0.379566
0.020000,15.742703,21.850682,10.945067,7.117516 ,2.920995    ,0.764061    ,0.373525
0.020000,15.876496,21.902634,11.088592,7.176248 ,2.936597    ,0.780122    ,0.367185
0.020000,16.011726,21.954135,11.233297,7.235264 ,2.950788    ,0.709529    ,0.360541
0.020000,16.148414,22.005131,11.379188,7.294575 ,2.965521    ,0.736662    ,0.353587
0.020000,16.286581,22.055562,11.526271,7.354152 ,2.978859    ,0.666913    ,0.346321
0.020000,16.426246,22.105368,11.674551,7.413990 ,2.991891    ,0.651588    ,0.338736
0.020000,16.567428,22.154485,11.824033,7.474073 ,3.004152    ,0.613049    ,0.330831
0.020000,16.710143,22.202849,11.974720,7.534376 ,3.015158    ,0.550306    ,0.322601
0.020000,16.854409,22.250392,12.126618,7.594880 ,3.025221    ,0.503139    ,0.314042
0.020000,17.000239,22.297044,12.279729,7.655560 ,3.033987    ,0.438285    ,0.305153
0.020000,17.147648,22.342734,12.434057,7.716386 ,3.041298    ,0.365542    ,0.295930
0.020000,17.296648,22.387388,12.589603,7.777326 ,3.046992    ,0.284720    ,0.286372
0.020000,17.447246,22.430929,12.746370,7.838344 ,3.050905    ,0.195633    ,0.276478
0.020000,17.599452,22.473280,12.904358,7.899401 ,3.052868    ,0.098159    ,0.266247
0.020000,17.753270,22.514361,13.063567,7.960455 ,3.052713    ,-0.007755   ,0.255680
0.020000,17.908702,22.554091,13.223996,8.021451 ,3.049765    ,-0.147408   ,0.244776
0.020000,18.065747,22.592386,13.385643,8.082344 ,3.044665    ,-0.254988   ,0.233537
0.020000,18.224402,22.629161,13.548505,8.143090 ,3.037305    ,-0.367971   ,0.221967
0.020000,18.384661,22.664332,13.712577,8.203610 ,3.026013    ,-0.564634   ,0.210069
0.020000,18.546511,22.697811,13.877854,8.263849 ,3.011911    ,-0.705071   ,0.197846
0.020000,18.709940,22.729512,14.044329,8.323767 ,2.995924    ,-0.799380   ,0.185305
0.020000,18.857847,22.756372,14.194655,7.516281 ,-40.374308  ,-2168.511578,0.174807
0.020000,19.014673,22.783630,14.353833,7.958888 ,22.130350   ,3125.232897 ,0.169385
0.020000,19.172388,22.810165,14.513764,7.996578 ,1.884504    ,-1012.292324,0.163999
0.020000,19.330985,22.835974,14.674447,8.034140 ,1.878097    ,-0.320309   ,0.158653
0.020000,19.490456,22.861055,14.835879,8.071569 ,1.871456    ,-0.332091   ,0.153348
0.020000,19.650795,22.885404,14.998056,8.108874 ,1.865230    ,-0.311293   ,0.148085
0.020000,19.811995,22.909021,15.160977,8.146053 ,1.858980    ,-0.312500   ,0.142868
0.020000,19.974050,22.931904,15.324639,8.183108 ,1.852719    ,-0.313025   ,0.137699
0.020000,20.136952,22.954052,15.489040,8.220037 ,1.846461    ,-0.312922   ,0.132578
0.020000,20.300694,22.975466,15.654177,8.256841 ,1.840216    ,-0.312246   ,0.127508
0.020000,20.465271,22.996145,15.820047,8.293521 ,1.833995    ,-0.311052   ,0.122492
0.020000,20.630674,23.016090,15.986649,8.330077 ,1.827807    ,-0.309391   ,0.117530
0.020000,20.796898,23.035302,16.153979,8.366510 ,1.821661    ,-0.307316   ,0.112626
0.020000,20.963935,23.053784,16.322036,8.402825 ,1.815749    ,-0.295568   ,0.107781
0.020000,21.131779,23.071537,16.490816,8.439021 ,1.809769    ,-0.298997   ,0.102996
0.020000,21.300423,23.088565,16.660318,8.475091 ,1.803536    ,-0.311676   ,0.098275
0.020000,21.469862,23.104871,16.830539,8.511053 ,1.798084    ,-0.272584   ,0.093618
0.020000,21.640087,23.120459,17.001477,8.546889 ,1.791793    ,-0.314550   ,0.089027
0.020000,21.811094,23.135332,17.173129,8.582615 ,1.786316    ,-0.273853   ,0.084505
0.020000,21.982875,23.149497,17.345493,8.618224 ,1.780439    ,-0.293838   ,0.080054
0.020000,22.155426,23.162958,17.518568,8.653719 ,1.774746    ,-0.284671   ,0.075674
0.020000,22.328738,23.175722,17.692350,8.689103 ,1.769176    ,-0.278520   ,0.071368
0.020000,22.502808,23.187795,17.866837,8.724376 ,1.763696    ,-0.273966   ,0.067138
0.020000,22.677628,23.199184,18.042028,8.759539 ,1.758109    ,-0.279383   ,0.062985
0.020000,22.853193,23.209896,18.217920,8.794592 ,1.752682    ,-0.271327   ,0.058912
0.020000,23.029498,23.219940,18.394511,8.829538 ,1.747307    ,-0.268760   ,0.054919
0.020000,23.206537,23.229324,18.571798,8.864378 ,1.741985    ,-0.266076   ,0.051009
0.020000,23.384305,23.238057,18.749781,8.899113 ,1.736734    ,-0.262566   ,0.047183
0.020000,23.562796,23.246149,18.928455,8.933743 ,1.731522    ,-0.260592   ,0.043443
0.020000,23.742007,23.253610,19.107821,8.968270 ,1.726342    ,-0.259021   ,0.039791
0.020000,23.921931,23.260451,19.287875,9.002695 ,1.721237    ,-0.255219   ,0.036228
0.020000,24.102563,23.266682,19.468615,9.037019 ,1.716196    ,-0.252084   ,0.032755
0.020000,24.283901,23.272316,19.650040,9.071242 ,1.711172    ,-0.251197   ,0.029375
0.020000,24.465938,23.277364,19.832147,9.105366 ,1.706208    ,-0.248186   ,0.026089
0.020000,24.648671,23.281839,20.014935,9.139392 ,1.701281    ,-0.246326   ,0.022899
0.020000,24.832096,23.285754,20.198402,9.173320 ,1.696393    ,-0.244429   ,0.019806
0.020000,25.016208,23.289124,20.382545,9.207151 ,1.691557    ,-0.241792   ,0.016811
0.020000,25.201004,23.291961,20.567362,9.240885 ,1.686708    ,-0.242470   ,0.013917
0.020000,25.386480,23.294282,20.752853,9.274524 ,1.681941    ,-0.238333   ,0.011125
0.020000,25.572632,23.296101,20.939014,9.308068 ,1.677181    ,-0.238013   ,0.008436
0.020000,25.759458,23.297434,21.125844,9.341516 ,1.672438    ,-0.237157   ,0.005851
0.020000,25.946953,23.298297,21.313342,9.374871 ,1.667713    ,-0.236208   ,0.003373
0.020000,26.135116,23.298707,21.501504,9.408131 ,1.663006    ,-0.235393   ,0.001003
0.020000,26.323941,23.298681,21.690330,9.441297 ,1.658311    ,-0.234734   ,6.281928
0.020000,26.513428,23.298237,21.879818,9.474369 ,1.653626    ,-0.234252   ,6.279778
0.020000,26.703573,23.297393,22.069965,9.507348 ,1.648947    ,-0.233964   ,6.277740
0.020000,26.894374,23.296169,22.260769,9.540234 ,1.644269    ,-0.233884   ,6.275816
0.020000,27.085828,23.294583,22.452230,9.573025 ,1.639588    ,-0.234057   ,6.274008
0.020000,27.277933,23.292656,22.644344,9.605722 ,1.634842    ,-0.237277   ,6.272316
0.020000,27.470686,23.290407,22.837111,9.638326 ,1.630196    ,-0.232317   ,6.270743
0.020000,27.664086,23.287858,23.030528,9.670835 ,1.625457    ,-0.236961   ,6.269290
0.020000,27.858131,23.285030,23.224593,9.703249 ,1.620698    ,-0.237943   ,6.267958
0.020000,28.052818,23.281945,23.419304,9.735569 ,1.615961    ,-0.236863   ,6.266749
0.020000,28.248145,23.278626,23.614660,9.767792 ,1.611152    ,-0.240403   ,6.265664
0.020000,28.444112,23.275096,23.810658,9.799918 ,1.606332    ,-0.241003   ,6.264705
0.020000,28.640716,23.271379,24.007297,9.831948 ,1.601495    ,-0.241853   ,6.263874
0.020000,28.837955,23.267498,24.204575,9.863880 ,1.596594    ,-0.245089   ,6.263172
0.020000,29.035828,23.263479,24.402489,9.895713 ,1.591657    ,-0.246815   ,6.262601
0.020000,29.234277,23.259347,24.600981,9.924583 ,1.443507    ,-7.407495   ,6.262162
0.020000,29.433185,23.255132,24.799933,9.947638 ,1.152715    ,-14.539623  ,6.261857
0.020000,29.632437,23.250863,24.999231,9.964895 ,0.862859    ,-14.492818  ,6.261687
0.020000,29.831919,23.246568,25.198759,9.976374 ,0.573943    ,-14.445798  ,6.261653
0.020000,30.031514,23.242277,25.398401,9.982093 ,0.285971    ,-14.398587  ,6.261757
0.020000,30.231110,23.238022,25.598042,9.982072 ,-0.001053   ,-14.351208  ,6.261998
0.020000,30.430593,23.233830,25.797569,9.976329 ,-0.287127   ,-14.303686  ,6.262377
0.020000,30.629905,23.229731,25.996923,9.967731 ,-0.429913   ,-7.139316   ,6.262893
0.020000,30.829048,23.225752,26.196106,9.959131 ,-0.430025   ,-0.005573   ,6.263547
0.020000,31.028022,23.221921,26.395116,9.950527 ,-0.430163   ,-0.006917   ,6.264339
0.020000,31.226827,23.218264,26.593955,9.941921 ,-0.430327   ,-0.008169   ,6.265268
0.020000,31.425463,23.214808,26.792621,9.933311 ,-0.430513   ,-0.009309   ,6.266335
0.020000,31.623931,23.211581,26.991115,9.924696 ,-0.430719   ,-0.010320   ,6.267540
0.020000,31.822230,23.208609,27.189437,9.916077 ,-0.430943   ,-0.011179   ,6.268883
0.020000,32.020361,23.205919,27.387586,9.907454 ,-0.431180   ,-0.011869   ,6.270363
0.020000,32.218323,23.203539,27.585562,9.898825 ,-0.431427   ,-0.012368   ,6.271982
0.020000,32.416116,23.201494,27.783366,9.890192 ,-0.431681   ,-0.012656   ,6.273739
0.020000,32.613740,23.199812,27.980997,9.881553 ,-0.431935   ,-0.012715   ,6.275634
0.020000,32.811194,23.198520,28.178455,9.872909 ,-0.432185   ,-0.012522   ,6.277668
0.020000,33.008477,23.197643,28.375740,9.864261 ,-0.432426   ,-0.012058   ,6.279839
0.020000,33.205589,23.197209,28.572853,9.855608 ,-0.432653   ,-0.011302   ,6.282150
0.020000,33.396598,23.196758,28.763862,9.550459 ,-15.257432  ,-741.238980 ,6.275507
0.020000,33.617185,23.193259,28.984477,11.030769,74.015491   ,4463.646174 ,6.259013
0.020000,33.838782,23.185990,29.206193,11.085812,2.752159    ,-3563.166603,6.241638
0.020000,34.061388,23.174709,29.429085,11.144581,2.938462    ,9.315112    ,6.223321
0.020000,34.284998,23.159155,29.653235,11.207501,3.145977    ,10.375785   ,6.203998
0.020000,34.509588,23.139045,29.878724,11.274444,3.347162    ,10.059257   ,6.183603
0.020000,34.735129,23.114075,30.105643,11.345957,3.575630    ,11.423393   ,6.162065
0.020000,34.961566,23.083917,30.334079,11.421805,3.792406    ,10.838794   ,6.139312
0.020000,35.188827,23.048220,30.564127,11.502382,4.028848    ,11.822079   ,6.115270
0.020000,35.416810,23.006613,30.795875,11.587412,4.251523    ,11.133786   ,6.089866
0.020000,35.645378,22.958699,31.029411,11.676821,4.470442    ,10.945935   ,6.063029
0.020000,35.874366,22.904064,31.264826,11.770743,4.696079    ,11.281859   ,6.034693
0.020000,36.103544,22.842280,31.502187,11.868035,4.864630    ,8.427513    ,6.004797
0.020000,36.332640,22.772909,31.741555,11.968412,5.018832    ,7.710134    ,5.973293
0.020000,36.561317,22.695512,31.982975,12.071011,5.129964    ,5.556572    ,5.940148
0.020000,36.789167,22.609665,32.226461,12.174262,5.162540    ,1.628793    ,5.905350
0.020000,37.015708,22.514966,32.471999,12.276898,5.131797    ,-1.537113   ,5.868909
0.020000,37.240376,22.411060,32.719531,12.376599,4.985077    ,-7.335991   ,5.830871
0.020000,37.462535,22.297652,32.968962,12.471582,4.749131    ,-11.797315  ,5.791313
0.020000,37.681475,22.174535,33.220144,12.559086,4.375212    ,-18.695972  ,5.750353
0.020000,37.896423,22.041606,33.472875,12.636543,3.872857    ,-25.117727  ,5.708153
0.020000,38.106570,21.898886,33.726904,12.701435,3.244593    ,-31.413191  ,5.664914
0.020000,38.311088,21.746535,33.981930,12.751322,2.494361    ,-37.511616  ,5.620877
0.020000,38.509163,21.584858,34.237612,12.784115,1.639613    ,-42.737380  ,5.576313
0.020000,38.700031,21.414300,34.493582,12.798491,0.718796    ,-46.040880  ,5.531520
0.020000,38.883003,21.235439,34.749453,12.793558,-0.246645   ,-48.272058  ,5.486806
0.020000,39.057501,21.048959,35.004843,12.769483,-1.203738   ,-47.854653  ,5.442477
0.020000,39.223073,20.855629,35.259384,12.727047,-2.121802   ,-45.903165  ,5.398828
0.020000,39.379412,20.656262,35.512739,12.667775,-2.963590   ,-42.089424  ,5.356129
0.020000,39.526354,20.451691,35.764615,12.593773,-3.700099   ,-36.825428  ,5.314614
0.020000,39.663873,20.242732,36.014765,12.507495,-4.313885   ,-30.689316  ,5.274480
0.020000,39.792069,20.030166,36.262996,12.411574,-4.796074   ,-24.109461  ,5.235883
0.020000,39.911148,19.814711,36.509168,12.308604,-5.148487   ,-17.620662  ,5.198934
0.020000,40.021403,19.597018,36.753189,12.201058,-5.377298   ,-11.440517  ,5.163706
0.020000,40.123192,19.377660,36.995013,12.091192,-5.493326   ,-5.801393   ,5.130238
0.020000,40.216917,19.157134,37.234630,11.980840,-5.517565   ,-1.211941   ,5.098537
0.020000,40.303009,18.935861,37.472061,11.871554,-5.464325   ,2.661974    ,5.068585
0.020000,40.381909,18.714192,37.707354,11.764632,-5.346123   ,5.910121    ,5.040344
0.020000,40.454064,18.492415,37.940573,11.660935,-5.184817   ,8.065277    ,5.013764
0.020000,40.519910,18.270768,38.171794,11.561088,-4.992377   ,9.621993    ,4.988781
0.020000,40.579872,18.049432,38.401108,11.465679,-4.770447   ,11.096529   ,4.965327
0.020000,40.634353,17.828558,38.628602,11.374688,-4.549542   ,11.045226   ,4.943328
0.020000,40.683739,17.608257,38.854371,11.288457,-4.311532   ,11.900526   ,4.922709
0.020000,40.728393,17.388613,39.078508,11.206864,-4.079680   ,11.592570   ,4.903397
0.020000,40.768656,17.169688,39.301105,11.129832,-3.851601   ,11.403937   ,4.885317
0.020000,40.804845,16.951527,39.522247,11.057127,-3.635225   ,10.818845   ,4.868401
0.020000,40.837257,16.734156,39.742021,10.988701,-3.421298   ,10.696314   ,4.852580
0.020000,40.866169,16.517593,39.960505,10.924196,-3.225236   ,9.803120    ,4.837791
0.020000,40.891839,16.301845,40.177775,10.863483,-3.035669   ,9.478331    ,4.823974
0.020000,40.914504,16.086912,40.393900,10.806241,-2.862100   ,8.678444    ,4.811073
0.020000,40.934385,15.872839,40.608894,10.749734,-2.825370   ,1.836526    ,4.799039
0.020000,40.951681,15.659725,40.822709,10.690737,-2.949817   ,-6.222364   ,4.787827
0.020000,40.966584,15.447676,41.035281,10.628588,-3.107448   ,-7.881536   ,4.777399
0.020000,40.979276,15.236795,41.246543,10.563105,-3.274161   ,-8.335661   ,4.767714
0.020000,40.989930,15.027182,41.456427,10.494206,-3.444950   ,-8.539459   ,4.758738
0.020000,40.998712,14.818933,41.664862,10.421724,-3.624121   ,-8.958523   ,4.750434
0.020000,41.005780,14.612141,41.871773,10.345590,-3.806675   ,-9.127706   ,4.742770
0.020000,41.011285,14.406854,42.077135,10.268087,-3.875142   ,-3.423363   ,4.735715
0.020000,41.015371,14.203053,42.280976,10.192056,-3.801561   ,3.679044    ,4.729236
0.020000,41.018171,14.000715,42.483333,10.117864,-3.709586   ,4.598775    ,4.723305
0.020000,41.019813,13.799816,42.684239,10.045294,-3.628531   ,4.052729    ,4.717895
0.020000,41.020414,13.600332,42.883725,9.974282 ,-3.550585   ,3.897290    ,4.712981
0.020000,41.019036,13.395796,43.088265,10.227024,12.637084   ,809.383468  ,4.696850
0.020000,41.013606,13.179949,43.304180,10.795751,28.436370   ,789.964308  ,4.677510
0.020000,41.003924,12.964180,43.520167,10.799328,0.178854    ,-1412.875815,4.657472
0.020000,40.989839,12.748561,43.736245,10.803884,0.227766    ,2.445599    ,4.636722
0.020000,40.971195,12.533182,43.952430,10.809248,0.268234    ,2.023393    ,4.615245
0.020000,40.947839,12.318141,44.168735,10.815265,0.300841    ,1.630379    ,4.593032
0.020000,40.919616,12.103556,44.385168,10.821655,0.319475    ,0.931695    ,4.570076
0.020000,40.886374,11.889559,44.601732,10.828183,0.326444    ,0.348462    ,4.546375
0.020000,40.847970,11.676299,44.818422,10.834500,0.315825    ,-0.530968   ,4.521934
0.020000,40.804264,11.463945,45.035227,10.840280,0.288991    ,-1.341728   ,4.496759
0.020000,40.755128,11.252681,45.252130,10.845116,0.241828    ,-2.358149   ,4.470867
0.020000,40.700448,11.042713,45.469101,10.848569,0.172611    ,-3.460835   ,4.444279
0.020000,40.640127,10.834262,45.686104,10.850166,0.079888    ,-4.636142   ,4.417026
0.020000,40.574087,10.627567,45.903093,10.849418,-0.037413   ,-5.865026   ,4.389144
0.020000,40.502274,10.422883,46.120009,10.845821,-0.179870   ,-7.122872   ,4.360679
0.020000,40.424661,10.220476,46.336787,10.838874,-0.347310   ,-8.372007   ,4.331686
0.020000,40.341247,10.020623,46.553349,10.828096,-0.538932   ,-9.581091   ,4.302225
0.020000,40.252067,9.823607 ,46.769609,10.812999,-0.754845   ,-10.795653  ,4.272365
0.020000,40.157186,9.629713 ,46.985472,10.793190,-0.990445   ,-11.779990  ,4.242182
0.020000,40.056704,9.439224 ,47.200839,10.768320,-1.243527   ,-12.654101  ,4.211756
0.020000,39.950757,9.252414 ,47.415601,10.738115,-1.510234   ,-13.335353  ,4.181174
0.020000,39.839511,9.069546 ,47.629649,10.702394,-1.786051   ,-13.790881  ,4.150524
0.020000,39.723165,8.890864 ,47.842870,10.661075,-2.065951   ,-13.994956  ,4.119895
0.020000,39.601946,8.716594 ,48.055154,10.614183,-2.344568   ,-13.930873  ,4.089376
0.020000,39.476105,8.546933 ,48.266390,10.561817,-2.618333   ,-13.688263  ,4.059055
0.020000,39.345914,8.382051 ,48.476475,10.504225,-2.879608   ,-13.063755  ,4.029015
0.020000,39.211663,8.222089 ,48.685309,10.441685,-3.127004   ,-12.369765  ,3.999337
0.020000,39.073649,8.067153 ,48.892800,10.374581,-3.355194   ,-11.409516  ,3.970092
0.020000,38.932180,7.917320 ,49.098867,10.303348,-3.561610   ,-10.320786  ,3.941347
0.020000,38.787561,7.772634 ,49.303436,10.228459,-3.744460   ,-9.142509   ,3.913161
0.020000,38.640099,7.633110 ,49.506444,10.150393,-3.903334   ,-7.943684   ,3.885584
0.020000,38.490091,7.498733 ,49.707838,10.069680,-4.035652   ,-6.615914   ,3.858659
0.020000,38.337828,7.369463 ,49.907575,9.986856 ,-4.141161   ,-5.275481   ,3.832419
0.020000,38.183586,7.245237 ,50.105622,9.902338 ,-4.225895   ,-4.236675   ,3.806892
0.020000,38.027629,7.125974 ,50.301954,9.816622 ,-4.285823   ,-2.996385   ,3.782096
0.020000,37.870205,7.011571 ,50.496557,9.730156 ,-4.323311   ,-1.874418   ,3.758045
0.020000,37.711546,6.901915 ,50.689423,9.643271 ,-4.344213   ,-1.045109   ,3.734744
0.020000,37.551868,6.796880 ,50.880549,9.556339 ,-4.346624   ,-0.120530   ,3.712193
0.020000,37.391368,6.696332 ,51.069943,9.469685 ,-4.332682   ,0.697085    ,3.690390
0.020000,37.230230,6.600131 ,51.257613,9.383515 ,-4.308538   ,1.207190    ,3.669325
0.020000,37.068620,6.508131 ,51.443575,9.298071 ,-4.272184   ,1.817698    ,3.648988
0.020000,36.906690,6.420185 ,51.627846,9.213560 ,-4.225565   ,2.330982    ,3.629364
0.020000,36.763131,6.345531 ,51.789656,8.090509 ,-56.152534  ,-2596.348473,3.614389
0.020000,36.612659,6.269365 ,51.958307,8.432536 ,17.101362   ,3662.694800 ,3.605983
0.020000,36.462491,6.194914 ,52.125917,8.380523 ,-2.600672   ,-985.101703 ,3.597768
0.020000,36.312661,6.122139 ,52.292486,8.328453 ,-2.603480   ,-0.140365   ,3.589747
0.020000,36.163200,6.051002 ,52.458013,8.276337 ,-2.605822   ,-0.117131   ,3.581920
0.020000,36.014138,5.981464 ,52.622497,8.224194 ,-2.607115   ,-0.064624   ,3.574287
0.020000,35.865506,5.913484 ,52.785938,8.172043 ,-2.607576   ,-0.023082   ,3.566849
0.020000,35.717330,5.847024 ,52.948336,8.119898 ,-2.607250   ,0.016333    ,3.559605
0.020000,35.569636,5.782045 ,53.109692,8.067784 ,-2.605672   ,0.078873    ,3.552555
0.020000,35.422451,5.718507 ,53.270006,8.015698 ,-2.604311   ,0.068069    ,3.545698
0.020000,35.275798,5.656371 ,53.429279,7.963657 ,-2.602059   ,0.112590    ,3.539033
0.020000,35.129700,5.595600 ,53.587512,7.911688 ,-2.598440   ,0.180939    ,3.532561
0.020000,34.984178,5.536153 ,53.744708,7.859776 ,-2.595594   ,0.142320    ,3.526279
0.020000,34.839253,5.477995 ,53.900867,7.807957 ,-2.590964   ,0.231469    ,3.520186
0.020000,34.694944,5.421086 ,54.055992,7.756219 ,-2.586908   ,0.202798    ,3.514281
0.020000,34.551270,5.365391 ,54.210083,7.704585 ,-2.581704   ,0.260230    ,3.508562
0.020000,34.408248,5.310872 ,54.363144,7.653055 ,-2.576501   ,0.260135    ,3.503027
0.020000,34.265894,5.257493 ,54.515177,7.601637 ,-2.570881   ,0.281008    ,3.497675
0.020000,34.124223,5.205219 ,54.666184,7.550339 ,-2.564886   ,0.299744    ,3.492504
0.020000,33.983251,5.154015 ,54.816167,7.499167 ,-2.558624   ,0.313098    ,3.487512
0.020000,33.842991,5.103847 ,54.965130,7.448123 ,-2.552192   ,0.321613    ,3.482697
0.020000,33.703455,5.054681 ,55.113074,7.397213 ,-2.545496   ,0.334810    ,3.478056
0.020000,33.564656,5.006484 ,55.260003,7.346441 ,-2.538614   ,0.344069    ,3.473587
0.020000,33.426606,4.959223 ,55.405919,7.295809 ,-2.531573   ,0.352058    ,3.469289
0.020000,33.289314,4.912869 ,55.550825,7.245322 ,-2.524393   ,0.359020    ,3.465158
0.020000,33.152790,4.867388 ,55.694725,7.194979 ,-2.517107   ,0.364299    ,3.461193
0.020000,33.017045,4.822752 ,55.837621,7.144784 ,-2.509771   ,0.366800    ,3.457391
0.020000,32.882087,4.778930 ,55.979515,7.094739 ,-2.502254   ,0.375861    ,3.453749
0.020000,32.747923,4.735894 ,56.120412,7.044845 ,-2.494708   ,0.377278    ,3.450266
0.020000,32.614562,4.693615 ,56.260314,6.995101 ,-2.487210   ,0.374896    ,3.446939
0.020000,32.482011,4.652067 ,56.399224,6.945508 ,-2.479626   ,0.379199    ,3.443766
0.020000,32.350276,4.611223 ,56.537146,6.896070 ,-2.471917   ,0.385471    ,3.440743
0.020000,32.219364,4.571056 ,56.674081,6.846780 ,-2.464497   ,0.370993    ,3.437869
0.020000,32.089280,4.531542 ,56.810034,6.797646 ,-2.456704   ,0.389659    ,3.435141
0.020000,31.960030,4.492656 ,56.945008,6.748661 ,-2.449260   ,0.372200    ,3.432557
0.020000,31.831619,4.454373 ,57.079004,6.699827 ,-2.441667   ,0.379621    ,3.430115
0.020000,31.704050,4.416672 ,57.212027,6.651146 ,-2.434086   ,0.379051    ,3.427811
0.020000,31.577329,4.379529 ,57.344079,6.602612 ,-2.426660   ,0.371322    ,3.425644
0.020000,31.451460,4.342922 ,57.475164,6.554226 ,-2.419294   ,0.368266    ,3.423610
0.020000,31.326446,4.306830 ,57.605284,6.505990 ,-2.411824   ,0.373499    ,3.421709
0.020000,31.202290,4.271233 ,57.734442,6.457900 ,-2.404511   ,0.365673    ,3.419937
0.020000,31.078996,4.236112 ,57.862641,6.409955 ,-2.397252   ,0.362942    ,3.418293
0.020000,30.956566,4.201445 ,57.989884,6.362154 ,-2.390052   ,0.360031    ,3.416773
0.020000,30.835003,4.167216 ,58.116174,6.314495 ,-2.382913   ,0.356949    ,3.415375
0.020000,30.714310,4.133405 ,58.241513,6.266979 ,-2.375838   ,0.353706    ,3.414098
0.020000,30.594489,4.099996 ,58.365905,6.219602 ,-2.368851   ,0.349372    ,3.412939
0.020000,30.475541,4.066972 ,58.489353,6.172362 ,-2.361963   ,0.344411    ,3.411896
0.020000,30.357468,4.034316 ,58.611858,6.125262 ,-2.355032   ,0.346515    ,3.410966
0.020000,30.240273,4.002013 ,58.733424,6.078297 ,-2.348238   ,0.339717    ,3.410148
0.020000,30.123956,3.970047 ,58.854053,6.031465 ,-2.341603   ,0.331771    ,3.409439
0.020000,30.008518,3.938405 ,58.973748,5.984767 ,-2.334881   ,0.336110    ,3.408838
0.020000,29.893962,3.907072 ,59.092512,5.938200 ,-2.328343   ,0.326882    ,3.408341
0.020000,29.780288,3.876034 ,59.210348,5.891764 ,-2.321823   ,0.326005    ,3.407947
0.020000,29.667497,3.845279 ,59.327257,5.845456 ,-2.315405   ,0.320866    ,3.407654
0.020000,29.555589,3.814794 ,59.443242,5.799276 ,-2.309017   ,0.319438    ,3.407461
0.020000,29.444566,3.784568 ,59.558307,5.753221 ,-2.302739   ,0.313903    ,3.407364
0.020000,29.334427,3.754588 ,59.672453,5.707291 ,-2.296493   ,0.312275    ,3.407362
0.020000,29.225174,3.724844 ,59.785682,5.661484 ,-2.290328   ,0.308269    ,3.407452
0.020000,29.116807,3.695325 ,59.897998,5.615800 ,-2.284225   ,0.305119    ,3.407634
0.020000,29.009325,3.666022 ,60.009403,5.570236 ,-2.278181   ,0.302208    ,3.407905
0.020000,28.902729,3.636923 ,60.119899,5.524792 ,-2.272195   ,0.299300    ,3.408263
0.020000,28.797020,3.608022 ,60.229488,5.479467 ,-2.266267   ,0.296397    ,3.408706
0.020000,28.692196,3.579308 ,60.338173,5.434259 ,-2.260397   ,0.293505    ,3.409232
0.020000,28.588259,3.550773 ,60.445957,5.389167 ,-2.254585   ,0.290626    ,3.409840
0.020000,28.485207,3.522409 ,60.552840,5.344191 ,-2.248829   ,0.287767    ,3.410528
0.020000,28.383041,3.494210 ,60.658827,5.299328 ,-2.243131   ,0.284934    ,3.411293
0.020000,28.281760,3.466167 ,60.763919,5.254578 ,-2.237488   ,0.282136    ,3.412134
0.020000,28.181364,3.438274 ,60.868117,5.209942 ,-2.231833   ,0.282754    ,3.413050
0.020000,28.081852,3.410525 ,60.971426,5.165416 ,-2.226280   ,0.277630    ,3.414038
0.020000,27.983224,3.382914 ,61.073846,5.120999 ,-2.220846   ,0.271725    ,3.415096
0.020000,27.885479,3.355434 ,61.175380,5.076695 ,-2.215228   ,0.280914    ,3.416224
0.020000,27.788617,3.328082 ,61.276030,5.032495 ,-2.209965   ,0.263104    ,3.417418
0.020000,27.692637,3.300851 ,61.375798,4.988407 ,-2.204416   ,0.277449    ,3.418678
0.020000,27.597539,3.273737 ,61.474686,4.944422 ,-2.199237   ,0.258974    ,3.420002
0.020000,27.503320,3.246736 ,61.572697,4.900547 ,-2.193778   ,0.272965    ,3.421388
0.020000,27.409981,3.219845 ,61.669833,4.856775 ,-2.188586   ,0.259582    ,3.422834
0.020000,27.317521,3.193058 ,61.766095,4.813107 ,-2.183382   ,0.260184    ,3.424339
0.020000,27.225939,3.166374 ,61.861486,4.769544 ,-2.178168   ,0.260694    ,3.425901
0.020000,27.135233,3.139788 ,61.956007,4.726085 ,-2.172940   ,0.261447    ,3.427518
0.020000,27.045402,3.113299 ,62.049662,4.682728 ,-2.167856   ,0.254162    ,3.429189
0.020000,26.956447,3.086903 ,62.142451,4.639472 ,-2.162781   ,0.253764    ,3.430912
0.020000,26.868364,3.060599 ,62.234378,4.596318 ,-2.157718   ,0.253163    ,3.432686
0.020000,26.781153,3.034384 ,62.325443,4.553264 ,-2.152691   ,0.251349    ,3.434508
0.020000,26.694814,3.008257 ,62.415649,4.510310 ,-2.147700   ,0.249563    ,3.436377
0.020000,26.609343,2.982217 ,62.504998,4.467457 ,-2.142661   ,0.251912    ,3.438293
0.020000,26.524741,2.956262 ,62.593492,4.424701 ,-2.137785   ,0.243832    ,3.440252
0.020000,26.441006,2.930391 ,62.681133,4.382043 ,-2.132910   ,0.243750    ,3.442254
0.020000,26.358136,2.904604 ,62.767923,4.339482 ,-2.128056   ,0.242703    ,3.444297
0.020000,26.276129,2.878900 ,62.853863,4.297021 ,-2.123072   ,0.249175    ,3.446379
0.020000,26.194985,2.853279 ,62.938956,4.254653 ,-2.118398   ,0.233730    ,3.448499
0.020000,26.114701,2.827740 ,63.023204,4.212381 ,-2.113572   ,0.241293    ,3.450655
0.020000,26.035277,2.802285 ,63.106608,4.170205 ,-2.108795   ,0.238853    ,3.452847
0.020000,25.956709,2.776913 ,63.189170,4.128123 ,-2.104102   ,0.234626    ,3.455071
0.020000,25.878998,2.751625 ,63.270893,4.086135 ,-2.099424   ,0.233884    ,3.457328
0.020000,25.802140,2.726421 ,63.351778,4.044241 ,-2.094684   ,0.237028    ,3.459614
0.020000,25.726134,2.701303 ,63.431827,4.002438 ,-2.090148   ,0.226804    ,3.461930
0.020000,25.650978,2.676272 ,63.511041,3.960728 ,-2.085528   ,0.231000    ,3.464273
0.020000,25.576671,2.651329 ,63.589423,3.919109 ,-2.080916   ,0.230568    ,3.466642
0.020000,25.503210,2.626474 ,63.666975,3.877581 ,-2.076408   ,0.225435    ,3.469035
0.020000,25.430593,2.601711 ,63.743698,3.836143 ,-2.071920   ,0.224363    ,3.471451
0.020000,25.358819,2.577041 ,63.819594,3.794794 ,-2.067449   ,0.223550    ,3.473889
0.020000,25.287885,2.552465 ,63.894664,3.753533 ,-2.063015   ,0.221706    ,3.476347
0.020000,25.217789,2.527985 ,63.968912,3.712361 ,-2.058617   ,0.219904    ,3.478824
0.020000,25.148530,2.503604 ,64.042337,3.671276 ,-2.054254   ,0.218157    ,3.481318
0.020000,25.080104,2.479324 ,64.114943,3.630277 ,-2.049927   ,0.216376    ,3.483828
0.020000,25.012511,2.455148 ,64.186730,3.589364 ,-2.045648   ,0.213946    ,3.486353
0.020000,24.945746,2.431077 ,64.257701,3.548537 ,-2.041393   ,0.212752    ,3.488891
0.020000,24.879809,2.407115 ,64.327857,3.507793 ,-2.037164   ,0.211427    ,3.491441
0.020000,24.814698,2.383265 ,64.397199,3.467133 ,-2.033034   ,0.206488    ,3.494001
0.020000,24.750409,2.359528 ,64.465730,3.426555 ,-2.028865   ,0.208470    ,3.496571
0.020000,24.686940,2.335909 ,64.533452,3.386060 ,-2.024781   ,0.204209    ,3.499148
0.020000,24.624289,2.312409 ,64.600365,3.345645 ,-2.020749   ,0.201600    ,3.501732
0.020000,24.562454,2.289033 ,64.666471,3.305310 ,-2.016734   ,0.200712    ,3.504322
0.020000,24.501432,2.265784 ,64.731772,3.265056 ,-2.012711   ,0.201197    ,3.506916
0.020000,24.441220,2.242664 ,64.796269,3.224877 ,-2.008958   ,0.187638    ,3.509512
0.020000,24.381817,2.219677 ,64.859965,3.184778 ,-2.004929   ,0.201424    ,3.512110
0.020000,24.323220,2.196827 ,64.922860,3.144756 ,-2.001115   ,0.190731    ,3.514709
0.020000,24.265426,2.174117 ,64.984956,3.104809 ,-1.997350   ,0.188223    ,3.517306
0.020000,24.208432,2.151550 ,65.046255,3.064935 ,-1.993700   ,0.182510    ,3.519902
0.020000,24.152236,2.129131 ,65.106758,3.025136 ,-1.989959   ,0.187061    ,3.522494
0.020000,24.096836,2.106862 ,65.166466,2.985410 ,-1.986299   ,0.183000    ,3.525082
0.020000,24.042229,2.084748 ,65.225381,2.945756 ,-1.982708   ,0.179516    ,3.527665
0.020000,23.988412,2.062792 ,65.283504,2.906172 ,-1.979177   ,0.176594    ,3.530241
0.020000,23.935382,2.040999 ,65.340837,2.866656 ,-1.975821   ,0.167774    ,3.532809
0.020000,23.883138,2.019371 ,65.397382,2.827210 ,-1.972265   ,0.177791    ,3.535368
0.020000,23.831675,1.997913 ,65.453138,2.787834 ,-1.968836   ,0.171463    ,3.537917
0.020000,23.780993,1.976628 ,65.508109,2.748525 ,-1.965437   ,0.169952    ,3.540455
0.020000,23.731087,1.955521 ,65.562294,2.709275 ,-1.962508   ,0.146466    ,3.542981
0.020000,23.681956,1.934596 ,65.615696,2.670095 ,-1.958976   ,0.176572    ,3.545494
0.020000,23.633596,1.913856 ,65.668316,2.630979 ,-1.955806   ,0.158508    ,3.547993
0.020000,23.586006,1.893304 ,65.720154,2.591920 ,-1.952944   ,0.143082    ,3.550477
0.020000,23.539181,1.872947 ,65.771213,2.552929 ,-1.949579   ,0.168248    ,3.552945
0.020000,23.493120,1.852786 ,65.821493,2.513994 ,-1.946733   ,0.142305    ,3.555395
0.020000,23.447820,1.832826 ,65.870995,2.475116 ,-1.943903   ,0.141518    ,3.557828
0.020000,23.403278,1.813072 ,65.919721,2.436302 ,-1.940670   ,0.161656    ,3.560242
0.020000,23.359492,1.793526 ,65.967672,2.397543 ,-1.937952   ,0.135901    ,3.562636
0.020000,23.316458,1.774193 ,66.014849,2.358832 ,-1.935560   ,0.119586    ,3.565009
0.020000,23.274175,1.755077 ,66.061252,2.320184 ,-1.932430   ,0.156519    ,3.567360
0.020000,23.232639,1.736182 ,66.106884,2.281588 ,-1.929797   ,0.131646    ,3.569690
0.020000,23.191848,1.717512 ,66.151745,2.243044 ,-1.927206   ,0.129550    ,3.571995
0.020000,23.151799,1.699070 ,66.195836,2.204550 ,-1.924654   ,0.127609    ,3.574277
0.020000,23.112490,1.680860 ,66.239158,2.166108 ,-1.922137   ,0.125830    ,3.576534
0.020000,23.073918,1.662886 ,66.281712,2.127715 ,-1.919653   ,0.124220    ,3.578765
0.020000,23.036080,1.645153 ,66.323500,2.089371 ,-1.917197   ,0.122783    ,3.580970
0.020000,22.998974,1.627663 ,66.364521,2.051064 ,-1.915337   ,0.092987    ,3.583147
0.020000,22.962597,1.610421 ,66.404777,2.012811 ,-1.912657   ,0.134018    ,3.585297
0.020000,22.926947,1.593429 ,66.444269,1.974607 ,-1.910177   ,0.123994    ,3.587418
0.020000,22.892021,1.576693 ,66.482998,1.936439 ,-1.908415   ,0.088104    ,3.589509
0.020000,22.857817,1.560215 ,66.520964,1.898313 ,-1.906304   ,0.105532    ,3.591571
0.020000,22.824333,1.543999 ,66.558169,1.860238 ,-1.903729   ,0.128773    ,3.593602
0.020000,22.791565,1.528048 ,66.594613,1.822188 ,-1.902537   ,0.059598    ,3.595601
0.020000,22.759511,1.512367 ,66.630297,1.784192 ,-1.899805   ,0.136607    ,3.597569
0.020000,22.728170,1.496958 ,66.665221,1.746228 ,-1.898184   ,0.081037    ,3.599504
0.020000,22.697538,1.481825 ,66.699387,1.708294 ,-1.896710   ,0.073680    ,3.601405
0.020000,22.667614,1.466971 ,66.732795,1.670409 ,-1.894244   ,0.123325    ,3.603273
0.020000,22.638394,1.452400 ,66.765446,1.632556 ,-1.892623   ,0.081027    ,3.605107
0.020000,22.609878,1.438114 ,66.797341,1.594731 ,-1.891281   ,0.067117    ,3.606906
0.020000,22.582062,1.424118 ,66.828480,1.556938 ,-1.889647   ,0.081703    ,3.608669
0.020000,22.554945,1.410413 ,66.858864,1.519183 ,-1.887747   ,0.094984    ,3.610397
0.020000,22.528523,1.397004 ,66.888493,1.481458 ,-1.886223   ,0.076228    ,3.612088
0.020000,22.502796,1.383893 ,66.917368,1.443764 ,-1.884717   ,0.075306    ,3.613743
0.020000,22.477762,1.371082 ,66.945490,1.406099 ,-1.883226   ,0.074544    ,3.615360
0.020000,22.453417,1.358576 ,66.972859,1.368459 ,-1.882023   ,0.060138    ,3.616939
0.020000,22.429760,1.346377 ,66.999476,1.330842 ,-1.880873   ,0.057496    ,3.618480
0.020000,22.406790,1.334487 ,67.025341,1.293260 ,-1.879066   ,0.090366    ,3.619982
0.020000,22.384503,1.322910 ,67.050455,1.255708 ,-1.877615   ,0.072532    ,3.621446
0.020000,22.362900,1.311647 ,67.074819,1.218169 ,-1.876923   ,0.034614    ,3.622869
0.020000,22.341976,1.300702 ,67.098432,1.180653 ,-1.875815   ,0.055372    ,3.624253
0.020000,22.321732,1.290076 ,67.121295,1.143180 ,-1.873654   ,0.108066    ,3.625597
0.020000,22.302165,1.279773 ,67.143409,1.105693 ,-1.874352   ,-0.034882   ,3.626901
0.020000,22.283273,1.269795 ,67.164775,1.068267 ,-1.871322   ,0.151463    ,3.628163
0.020000,22.265055,1.260143 ,67.185391,1.030827 ,-1.871989   ,-0.033315   ,3.629384
0.020000,22.247509,1.250821 ,67.205260,0.993427 ,-1.869972   ,0.100812    ,3.630564
0.020000,22.230634,1.241830 ,67.224381,0.956050 ,-1.868887   ,0.054259    ,3.631702
0.020000,22.214428,1.233172 ,67.242754,0.918667 ,-1.869154   ,-0.013313   ,3.632798
0.020000,22.198890,1.224850 ,67.260380,0.881316 ,-1.867548   ,0.080254    ,3.633851
0.020000,22.184019,1.216865 ,67.277260,0.843983 ,-1.866628   ,0.046028    ,3.634862
0.020000,22.169812,1.209219 ,67.293393,0.806664 ,-1.865960   ,0.033372    ,3.635830
0.020000,22.156270,1.201914 ,67.308780,0.769358 ,-1.865295   ,0.033257    ,3.636755
0.020000,22.143390,1.194951 ,67.323422,0.732065 ,-1.864630   ,0.033244    ,3.637636
0.020000,22.131172,1.188332 ,67.337317,0.694786 ,-1.863964   ,0.033329    ,3.638474
0.020000,22.119614,1.182059 ,67.350468,0.657520 ,-1.863294   ,0.033509    ,3.639268
0.020000,22.108716,1.176133 ,67.362873,0.620268 ,-1.862618   ,0.033779    ,3.640019
0.020000,22.098476,1.170555 ,67.374534,0.583029 ,-1.861935   ,0.034136    ,3.640725
0.020000,22.088894,1.165327 ,67.385450,0.545787 ,-1.862081   ,-0.007268   ,3.641387
0.020000,22.079968,1.160449 ,67.395621,0.508560 ,-1.861386   ,0.034735    ,3.642004
0.020000,22.071698,1.155924 ,67.405048,0.471357 ,-1.860125   ,0.063044    ,3.642577
0.020000,22.064084,1.151752 ,67.413731,0.434143 ,-1.860727   ,-0.030082   ,3.643106
0.020000,22.057123,1.147933 ,67.421670,0.396945 ,-1.859878   ,0.042450    ,3.643589
0.020000,22.050817,1.144470 ,67.428865,0.359756 ,-1.859436   ,0.022095    ,3.644027
0.020000,22.045163,1.141362 ,67.435316,0.322569 ,-1.859365   ,0.003559    ,3.644421
0.020000,22.040163,1.138610 ,67.441024,0.285385 ,-1.859202   ,0.008146    ,3.644769
0.020000,22.035814,1.136216 ,67.445988,0.248224 ,-1.858066   ,0.056807    ,3.645072
0.020000,22.032117,1.134179 ,67.450209,0.211037 ,-1.859344   ,-0.063930   ,3.645330
0.020000,22.029072,1.132500 ,67.453686,0.173872 ,-1.858253   ,0.054541    ,3.645543
0.020000,22.026677,1.131180 ,67.456421,0.136713 ,-1.857950   ,0.015169    ,3.645710
0.020000,22.024896,1.130197 ,67.458455,0.101732 ,-1.749026   ,5.446180    ,3.645834
0.020000,22.023642,1.129505 ,67.459887,0.071585 ,-1.507375   ,12.082562   ,3.645922
0.020000,22.022824,1.129053 ,67.460822,0.046746 ,-1.241957   ,13.270935   ,3.645979
0.020000,22.022347,1.128790 ,67.461366,0.027215 ,-0.976530   ,13.271308   ,3.646012
0.020000,22.022120,1.128664 ,67.461626,0.012993 ,-0.711099   ,13.271543   ,3.646028
0.020000,22.022049,1.128625 ,67.461708,0.004080 ,-0.445666   ,13.271671   ,3.646033
0.020000,22.022040,1.128620 ,67.461717,0.000475 ,-0.180232   ,13.271725   ,3.646034
0.020000,22.022040,1.128620 ,67.461717,0.000000 ,-0.023757   ,7.823724    ,3.646034
